<?xml version="1.0" encoding="UTF-8" ?>
<!DOCTYPE mapper PUBLIC "-//mybatis.org//DTD Mapper 3.0//EN" "http://mybatis.org/dtd/mybatis-3-mapper.dtd" >
<mapper namespace="com.gmadong.modules.role.SysRoleMapper" >
  <resultMap id="BaseResultMap" type="com.gmadong.modules.role.SysRole" >
    <id column="ID" property="id" jdbcType="CHAR" />
    <result column="role_name" property="roleName" jdbcType="VARCHAR" />
    <result column="remark" property="remark" jdbcType="VARCHAR" />
    <result column="spare_one" property="spareOne" jdbcType="VARCHAR" />
    <result column="spare_two" property="spareTwo" jdbcType="VARCHAR" />
    <result column="status" property="status" jdbcType="INTEGER" />
    <result column="create_time" property="createTime" jdbcType="VARCHAR" />
  </resultMap>
  <resultMap id="ResultMapWithBLOBs" type="com.gmadong.modules.role.SysRole" extends="BaseResultMap" >
    <result column="actions" property="actions" jdbcType="LONGVARCHAR" />
  </resultMap>
  <sql id="Example_Where_Clause" >
    <where >
      <foreach collection="oredCriteria" item="criteria" separator="or" >
        <if test="criteria.valid" >
          <trim prefix="(" suffix=")" prefixOverrides="and" >
            <foreach collection="criteria.criteria" item="criterion" >
              <choose >
                <when test="criterion.noValue" >
                  and ${criterion.condition}
                </when>
                <when test="criterion.singleValue" >
                  and ${criterion.condition} #{criterion.value}
                </when>
                <when test="criterion.betweenValue" >
                  and ${criterion.condition} #{criterion.value} and #{criterion.secondValue}
                </when>
                <when test="criterion.listValue" >
                  and ${criterion.condition}
                  <foreach collection="criterion.value" item="listItem" open="(" close=")" separator="," >
                    #{listItem}
                  </foreach>
                </when>
              </choose>
            </foreach>
          </trim>
        </if>
      </foreach>
    </where>
  </sql>
  <sql id="Update_By_Example_Where_Clause" >
    <where >
      <foreach collection="example.oredCriteria" item="criteria" separator="or" >
        <if test="criteria.valid" >
          <trim prefix="(" suffix=")" prefixOverrides="and" >
            <foreach collection="criteria.criteria" item="criterion" >
              <choose >
                <when test="criterion.noValue" >
                  and ${criterion.condition}
                </when>
                <when test="criterion.singleValue" >
                  and ${criterion.condition} #{criterion.value}
                </when>
                <when test="criterion.betweenValue" >
                  and ${criterion.condition} #{criterion.value} and #{criterion.secondValue}
                </when>
                <when test="criterion.listValue" >
                  and ${criterion.condition}
                  <foreach collection="criterion.value" item="listItem" open="(" close=")" separator="," >
                    #{listItem}
                  </foreach>
                </when>
              </choose>
            </foreach>
          </trim>
        </if>
      </foreach>
    </where>
  </sql>
  <sql id="Base_Column_List" >
    ID, role_name, remark, spare_one, spare_two, status, create_time
  </sql>
  <sql id="Blob_Column_List" >
    actions
  </sql>
  <select id="selectByExampleWithBLOBs" resultMap="ResultMapWithBLOBs" parameterType="com.gmadong.modules.role.SysRoleExample" >
    select
    <if test="distinct" >
      distinct
    </if>
    <include refid="Base_Column_List" />
    ,
    <include refid="Blob_Column_List" />
    from sys_role
    <if test="_parameter != null" >
      <include refid="Example_Where_Clause" />
    </if>
    <if test="orderByClause != null" >
      order by ${orderByClause}
    </if>
  </select>
  <select id="selectByExample" resultMap="BaseResultMap" parameterType="com.gmadong.modules.role.SysRoleExample" >
    select
    <if test="distinct" >
      distinct
    </if>
    <include refid="Base_Column_List" />
    from sys_role
    <if test="_parameter != null" >
      <include refid="Example_Where_Clause" />
    </if>
    <if test="orderByClause != null" >
      order by ${orderByClause}
    </if>
  </select>
  <select id="selectByPrimaryKey" resultMap="ResultMapWithBLOBs" parameterType="java.lang.String" >
    select 
    <include refid="Base_Column_List" />
    ,
    <include refid="Blob_Column_List" />
    from sys_role
    where ID = #{id,jdbcType=CHAR}
  </select>
  <delete id="deleteByPrimaryKey" parameterType="java.lang.String" >
    delete from sys_role
    where ID = #{id,jdbcType=CHAR}
  </delete>
  <delete id="deleteByExample" parameterType="com.gmadong.modules.role.SysRoleExample" >
    delete from sys_role
    <if test="_parameter != null" >
      <include refid="Example_Where_Clause" />
    </if>
  </delete>
  <insert id="insert" parameterType="com.gmadong.modules.role.SysRole" >
    insert into sys_role (ID, role_name, remark, 
      spare_one, spare_two, status, 
      create_time, actions)
    values (#{id,jdbcType=CHAR}, #{roleName,jdbcType=VARCHAR}, #{remark,jdbcType=VARCHAR}, 
      #{spareOne,jdbcType=VARCHAR}, #{spareTwo,jdbcType=VARCHAR}, #{status,jdbcType=INTEGER}, 
      #{createTime,jdbcType=VARCHAR}, #{actions,jdbcType=LONGVARCHAR})
  </insert>
  <insert id="insertSelective" parameterType="com.gmadong.modules.role.SysRole" >
    insert into sys_role
    <trim prefix="(" suffix=")" suffixOverrides="," >
      <if test="id != null" >
        ID,
      </if>
      <if test="roleName != null" >
        role_name,
      </if>
      <if test="remark != null" >
        remark,
      </if>
      <if test="spareOne != null" >
        spare_one,
      </if>
      <if test="spareTwo != null" >
        spare_two,
      </if>
      <if test="status != null" >
        status,
      </if>
      <if test="createTime != null" >
        create_time,
      </if>
      <if test="actions != null" >
        actions,
      </if>
    </trim>
    <trim prefix="values (" suffix=")" suffixOverrides="," >
      <if test="id != null" >
        #{id,jdbcType=CHAR},
      </if>
      <if test="roleName != null" >
        #{roleName,jdbcType=VARCHAR},
      </if>
      <if test="remark != null" >
        #{remark,jdbcType=VARCHAR},
      </if>
      <if test="spareOne != null" >
        #{spareOne,jdbcType=VARCHAR},
      </if>
      <if test="spareTwo != null" >
        #{spareTwo,jdbcType=VARCHAR},
      </if>
      <if test="status != null" >
        #{status,jdbcType=INTEGER},
      </if>
      <if test="createTime != null" >
        #{createTime,jdbcType=VARCHAR},
      </if>
      <if test="actions != null" >
        #{actions,jdbcType=LONGVARCHAR},
      </if>
    </trim>
  </insert>
  <select id="countByExample" parameterType="com.gmadong.modules.role.SysRoleExample" resultType="java.lang.Integer" >
    select count(*) from sys_role
    <if test="_parameter != null" >
      <include refid="Example_Where_Clause" />
    </if>
  </select>
  <update id="updateByExampleSelective" parameterType="map" >
    update sys_role
    <set >
      <if test="record.id != null" >
        ID = #{record.id,jdbcType=CHAR},
      </if>
      <if test="record.roleName != null" >
        role_name = #{record.roleName,jdbcType=VARCHAR},
      </if>
      <if test="record.remark != null" >
        remark = #{record.remark,jdbcType=VARCHAR},
      </if>
      <if test="record.spareOne != null" >
        spare_one = #{record.spareOne,jdbcType=VARCHAR},
      </if>
      <if test="record.spareTwo != null" >
        spare_two = #{record.spareTwo,jdbcType=VARCHAR},
      </if>
      <if test="record.status != null" >
        status = #{record.status,jdbcType=INTEGER},
      </if>
      <if test="record.createTime != null" >
        create_time = #{record.createTime,jdbcType=VARCHAR},
      </if>
      <if test="record.actions != null" >
        actions = #{record.actions,jdbcType=LONGVARCHAR},
      </if>
    </set>
    <if test="_parameter != null" >
      <include refid="Update_By_Example_Where_Clause" />
    </if>
  </update>
  <update id="updateByExampleWithBLOBs" parameterType="map" >
    update sys_role
    set ID = #{record.id,jdbcType=CHAR},
      role_name = #{record.roleName,jdbcType=VARCHAR},
      remark = #{record.remark,jdbcType=VARCHAR},
      spare_one = #{record.spareOne,jdbcType=VARCHAR},
      spare_two = #{record.spareTwo,jdbcType=VARCHAR},
      status = #{record.status,jdbcType=INTEGER},
      create_time = #{record.createTime,jdbcType=VARCHAR},
      actions = #{record.actions,jdbcType=LONGVARCHAR}
    <if test="_parameter != null" >
      <include refid="Update_By_Example_Where_Clause" />
    </if>
  </update>
  <update id="updateByExample" parameterType="map" >
    update sys_role
    set ID = #{record.id,jdbcType=CHAR},
      role_name = #{record.roleName,jdbcType=VARCHAR},
      remark = #{record.remark,jdbcType=VARCHAR},
      spare_one = #{record.spareOne,jdbcType=VARCHAR},
      spare_two = #{record.spareTwo,jdbcType=VARCHAR},
      status = #{record.status,jdbcType=INTEGER},
      create_time = #{record.createTime,jdbcType=VARCHAR}
    <if test="_parameter != null" >
      <include refid="Update_By_Example_Where_Clause" />
    </if>
  </update>
  <update id="updateByPrimaryKeySelective" parameterType="com.gmadong.modules.role.SysRole" >
    update sys_role
    <set >
      <if test="roleName != null" >
        role_name = #{roleName,jdbcType=VARCHAR},
      </if>
      <if test="remark != null" >
        remark = #{remark,jdbcType=VARCHAR},
      </if>
      <if test="spareOne != null" >
        spare_one = #{spareOne,jdbcType=VARCHAR},
      </if>
      <if test="spareTwo != null" >
        spare_two = #{spareTwo,jdbcType=VARCHAR},
      </if>
      <if test="status != null" >
        status = #{status,jdbcType=INTEGER},
      </if>
      <if test="createTime != null" >
        create_time = #{createTime,jdbcType=VARCHAR},
      </if>
      <if test="actions != null" >
        actions = #{actions,jdbcType=LONGVARCHAR},
      </if>
    </set>
    where ID = #{id,jdbcType=CHAR}
  </update>
  <update id="updateByPrimaryKeyWithBLOBs" parameterType="com.gmadong.modules.role.SysRole" >
    update sys_role
    set role_name = #{roleName,jdbcType=VARCHAR},
      remark = #{remark,jdbcType=VARCHAR},
      spare_one = #{spareOne,jdbcType=VARCHAR},
      spare_two = #{spareTwo,jdbcType=VARCHAR},
      status = #{status,jdbcType=INTEGER},
      create_time = #{createTime,jdbcType=VARCHAR},
      actions = #{actions,jdbcType=LONGVARCHAR}
    where ID = #{id,jdbcType=CHAR}
  </update>
  <update id="updateByPrimaryKey" parameterType="com.gmadong.modules.role.SysRole" >
    update sys_role
    set role_name = #{roleName,jdbcType=VARCHAR},
      remark = #{remark,jdbcType=VARCHAR},
      spare_one = #{spareOne,jdbcType=VARCHAR},
      spare_two = #{spareTwo,jdbcType=VARCHAR},
      status = #{status,jdbcType=INTEGER},
      create_time = #{createTime,jdbcType=VARCHAR}
    where ID = #{id,jdbcType=CHAR}
  </update>
</mapper>