<?xml version="1.0" encoding="UTF-8" ?>
<!DOCTYPE mapper PUBLIC "-//mybatis.org//DTD Mapper 3.0//EN" "http://mybatis.org/dtd/mybatis-3-mapper.dtd" >
<mapper namespace="com.gmadong.modules.bids.BidsMapper" >
  <resultMap id="BaseResultMap" type="com.gmadong.modules.bids.Bids" >
    <id column="id" property="id" jdbcType="INTEGER" />
    <result column="name" property="name" jdbcType="VARCHAR" />
    <result column="province" property="province" jdbcType="VARCHAR" />
    <result column="city" property="city" jdbcType="VARCHAR" />
    <result column="time" property="time" jdbcType="VARCHAR" />
    <result column="url" property="url" jdbcType="VARCHAR" />
    <result column="attachment_url" property="attachmentUrl" jdbcType="VARCHAR" />
    <result column="industry" property="industry" jdbcType="VARCHAR" />
    <result column="type" property="type" jdbcType="CHAR" />
  </resultMap>
  <resultMap id="ResultMapWithBLOBs" type="com.gmadong.modules.bids.BidsWithBLOBs" extends="BaseResultMap" >
    <result column="content" property="content" jdbcType="LONGVARCHAR" />
    <result column="content_html" property="contentHtml" jdbcType="LONGVARCHAR" />
    <result column="attachment_name" property="attachmentName" jdbcType="LONGVARCHAR" />
  </resultMap>
  <sql id="Example_Where_Clause" >
    <where >
      <foreach collection="oredCriteria" item="criteria" separator="or" >
        <if test="criteria.valid" >
          <trim prefix="(" suffix=")" prefixOverrides="and" >
            <foreach collection="criteria.criteria" item="criterion" >
              <choose >
                <when test="criterion.noValue" >
                  and ${criterion.condition}
                </when>
                <when test="criterion.singleValue" >
                  and ${criterion.condition} #{criterion.value}
                </when>
                <when test="criterion.betweenValue" >
                  and ${criterion.condition} #{criterion.value} and #{criterion.secondValue}
                </when>
                <when test="criterion.listValue" >
                  and ${criterion.condition}
                  <foreach collection="criterion.value" item="listItem" open="(" close=")" separator="," >
                    #{listItem}
                  </foreach>
                </when>
              </choose>
            </foreach>
          </trim>
        </if>
      </foreach>
    </where>
  </sql>
  <sql id="Update_By_Example_Where_Clause" >
    <where >
      <foreach collection="example.oredCriteria" item="criteria" separator="or" >
        <if test="criteria.valid" >
          <trim prefix="(" suffix=")" prefixOverrides="and" >
            <foreach collection="criteria.criteria" item="criterion" >
              <choose >
                <when test="criterion.noValue" >
                  and ${criterion.condition}
                </when>
                <when test="criterion.singleValue" >
                  and ${criterion.condition} #{criterion.value}
                </when>
                <when test="criterion.betweenValue" >
                  and ${criterion.condition} #{criterion.value} and #{criterion.secondValue}
                </when>
                <when test="criterion.listValue" >
                  and ${criterion.condition}
                  <foreach collection="criterion.value" item="listItem" open="(" close=")" separator="," >
                    #{listItem}
                  </foreach>
                </when>
              </choose>
            </foreach>
          </trim>
        </if>
      </foreach>
    </where>
  </sql>
  <sql id="Base_Column_List" >
    id, name, province, city, time, url, attachment_url, industry, type
  </sql>
  <sql id="Blob_Column_List" >
    content, content_html, attachment_name
  </sql>
  <select id="selectByExampleWithBLOBs" resultMap="ResultMapWithBLOBs" parameterType="com.gmadong.modules.bids.BidsExample" >
    select
    <if test="distinct" >
      distinct
    </if>
    <include refid="Base_Column_List" />
    ,
    <include refid="Blob_Column_List" />
    from bids
    <if test="_parameter != null" >
      <include refid="Example_Where_Clause" />
    </if>
    <if test="orderByClause != null" >
      order by ${orderByClause}
    </if>
  </select>
  <select id="selectByExample" resultMap="BaseResultMap" parameterType="com.gmadong.modules.bids.BidsExample" >
    select
    <if test="distinct" >
      distinct
    </if>
    <include refid="Base_Column_List" />
    from bids
    <if test="_parameter != null" >
      <include refid="Example_Where_Clause" />
    </if>
    <if test="orderByClause != null" >
      order by ${orderByClause}
    </if>
  </select>
  <select id="selectByPrimaryKey" resultMap="ResultMapWithBLOBs" parameterType="java.lang.Integer" >
    select 
    <include refid="Base_Column_List" />
    ,
    <include refid="Blob_Column_List" />
    from bids
    where id = #{id,jdbcType=INTEGER}
  </select>
  <delete id="deleteByPrimaryKey" parameterType="java.lang.Integer" >
    delete from bids
    where id = #{id,jdbcType=INTEGER}
  </delete>
  <delete id="deleteByExample" parameterType="com.gmadong.modules.bids.BidsExample" >
    delete from bids
    <if test="_parameter != null" >
      <include refid="Example_Where_Clause" />
    </if>
  </delete>
  <insert id="insert" parameterType="com.gmadong.modules.bids.BidsWithBLOBs" >
    insert into bids (id, name, province, 
      city, time, url, attachment_url, 
      industry, type, content, 
      content_html, attachment_name)
    values (#{id,jdbcType=INTEGER}, #{name,jdbcType=VARCHAR}, #{province,jdbcType=VARCHAR}, 
      #{city,jdbcType=VARCHAR}, #{time,jdbcType=VARCHAR}, #{url,jdbcType=VARCHAR}, #{attachmentUrl,jdbcType=VARCHAR}, 
      #{industry,jdbcType=VARCHAR}, #{type,jdbcType=CHAR}, #{content,jdbcType=LONGVARCHAR}, 
      #{contentHtml,jdbcType=LONGVARCHAR}, #{attachmentName,jdbcType=LONGVARCHAR})
  </insert>
  <insert id="insertSelective" parameterType="com.gmadong.modules.bids.BidsWithBLOBs" >
    insert into bids
    <trim prefix="(" suffix=")" suffixOverrides="," >
      <if test="id != null" >
        id,
      </if>
      <if test="name != null" >
        name,
      </if>
      <if test="province != null" >
        province,
      </if>
      <if test="city != null" >
        city,
      </if>
      <if test="time != null" >
        time,
      </if>
      <if test="url != null" >
        url,
      </if>
      <if test="attachmentUrl != null" >
        attachment_url,
      </if>
      <if test="industry != null" >
        industry,
      </if>
      <if test="type != null" >
        type,
      </if>
      <if test="content != null" >
        content,
      </if>
      <if test="contentHtml != null" >
        content_html,
      </if>
      <if test="attachmentName != null" >
        attachment_name,
      </if>
    </trim>
    <trim prefix="values (" suffix=")" suffixOverrides="," >
      <if test="id != null" >
        #{id,jdbcType=INTEGER},
      </if>
      <if test="name != null" >
        #{name,jdbcType=VARCHAR},
      </if>
      <if test="province != null" >
        #{province,jdbcType=VARCHAR},
      </if>
      <if test="city != null" >
        #{city,jdbcType=VARCHAR},
      </if>
      <if test="time != null" >
        #{time,jdbcType=VARCHAR},
      </if>
      <if test="url != null" >
        #{url,jdbcType=VARCHAR},
      </if>
      <if test="attachmentUrl != null" >
        #{attachmentUrl,jdbcType=VARCHAR},
      </if>
      <if test="industry != null" >
        #{industry,jdbcType=VARCHAR},
      </if>
      <if test="type != null" >
        #{type,jdbcType=CHAR},
      </if>
      <if test="content != null" >
        #{content,jdbcType=LONGVARCHAR},
      </if>
      <if test="contentHtml != null" >
        #{contentHtml,jdbcType=LONGVARCHAR},
      </if>
      <if test="attachmentName != null" >
        #{attachmentName,jdbcType=LONGVARCHAR},
      </if>
    </trim>
  </insert>
  <select id="countByExample" parameterType="com.gmadong.modules.bids.BidsExample" resultType="java.lang.Integer" >
    select count(*) from bids
    <if test="_parameter != null" >
      <include refid="Example_Where_Clause" />
    </if>
  </select>
  <update id="updateByExampleSelective" parameterType="map" >
    update bids
    <set >
      <if test="record.id != null" >
        id = #{record.id,jdbcType=INTEGER},
      </if>
      <if test="record.name != null" >
        name = #{record.name,jdbcType=VARCHAR},
      </if>
      <if test="record.province != null" >
        province = #{record.province,jdbcType=VARCHAR},
      </if>
      <if test="record.city != null" >
        city = #{record.city,jdbcType=VARCHAR},
      </if>
      <if test="record.time != null" >
        time = #{record.time,jdbcType=VARCHAR},
      </if>
      <if test="record.url != null" >
        url = #{record.url,jdbcType=VARCHAR},
      </if>
      <if test="record.attachmentUrl != null" >
        attachment_url = #{record.attachmentUrl,jdbcType=VARCHAR},
      </if>
      <if test="record.industry != null" >
        industry = #{record.industry,jdbcType=VARCHAR},
      </if>
      <if test="record.type != null" >
        type = #{record.type,jdbcType=CHAR},
      </if>
      <if test="record.content != null" >
        content = #{record.content,jdbcType=LONGVARCHAR},
      </if>
      <if test="record.contentHtml != null" >
        content_html = #{record.contentHtml,jdbcType=LONGVARCHAR},
      </if>
      <if test="record.attachmentName != null" >
        attachment_name = #{record.attachmentName,jdbcType=LONGVARCHAR},
      </if>
    </set>
    <if test="_parameter != null" >
      <include refid="Update_By_Example_Where_Clause" />
    </if>
  </update>
  <update id="updateByExampleWithBLOBs" parameterType="map" >
    update bids
    set id = #{record.id,jdbcType=INTEGER},
      name = #{record.name,jdbcType=VARCHAR},
      province = #{record.province,jdbcType=VARCHAR},
      city = #{record.city,jdbcType=VARCHAR},
      time = #{record.time,jdbcType=VARCHAR},
      url = #{record.url,jdbcType=VARCHAR},
      attachment_url = #{record.attachmentUrl,jdbcType=VARCHAR},
      industry = #{record.industry,jdbcType=VARCHAR},
      type = #{record.type,jdbcType=CHAR},
      content = #{record.content,jdbcType=LONGVARCHAR},
      content_html = #{record.contentHtml,jdbcType=LONGVARCHAR},
      attachment_name = #{record.attachmentName,jdbcType=LONGVARCHAR}
    <if test="_parameter != null" >
      <include refid="Update_By_Example_Where_Clause" />
    </if>
  </update>
  <update id="updateByExample" parameterType="map" >
    update bids
    set id = #{record.id,jdbcType=INTEGER},
      name = #{record.name,jdbcType=VARCHAR},
      province = #{record.province,jdbcType=VARCHAR},
      city = #{record.city,jdbcType=VARCHAR},
      time = #{record.time,jdbcType=VARCHAR},
      url = #{record.url,jdbcType=VARCHAR},
      attachment_url = #{record.attachmentUrl,jdbcType=VARCHAR},
      industry = #{record.industry,jdbcType=VARCHAR},
      type = #{record.type,jdbcType=CHAR}
    <if test="_parameter != null" >
      <include refid="Update_By_Example_Where_Clause" />
    </if>
  </update>
  <update id="updateByPrimaryKeySelective" parameterType="com.gmadong.modules.bids.BidsWithBLOBs" >
    update bids
    <set >
      <if test="name != null" >
        name = #{name,jdbcType=VARCHAR},
      </if>
      <if test="province != null" >
        province = #{province,jdbcType=VARCHAR},
      </if>
      <if test="city != null" >
        city = #{city,jdbcType=VARCHAR},
      </if>
      <if test="time != null" >
        time = #{time,jdbcType=VARCHAR},
      </if>
      <if test="url != null" >
        url = #{url,jdbcType=VARCHAR},
      </if>
      <if test="attachmentUrl != null" >
        attachment_url = #{attachmentUrl,jdbcType=VARCHAR},
      </if>
      <if test="industry != null" >
        industry = #{industry,jdbcType=VARCHAR},
      </if>
      <if test="type != null" >
        type = #{type,jdbcType=CHAR},
      </if>
      <if test="content != null" >
        content = #{content,jdbcType=LONGVARCHAR},
      </if>
      <if test="contentHtml != null" >
        content_html = #{contentHtml,jdbcType=LONGVARCHAR},
      </if>
      <if test="attachmentName != null" >
        attachment_name = #{attachmentName,jdbcType=LONGVARCHAR},
      </if>
    </set>
    where id = #{id,jdbcType=INTEGER}
  </update>
  <update id="updateByPrimaryKeyWithBLOBs" parameterType="com.gmadong.modules.bids.BidsWithBLOBs" >
    update bids
    set name = #{name,jdbcType=VARCHAR},
      province = #{province,jdbcType=VARCHAR},
      city = #{city,jdbcType=VARCHAR},
      time = #{time,jdbcType=VARCHAR},
      url = #{url,jdbcType=VARCHAR},
      attachment_url = #{attachmentUrl,jdbcType=VARCHAR},
      industry = #{industry,jdbcType=VARCHAR},
      type = #{type,jdbcType=CHAR},
      content = #{content,jdbcType=LONGVARCHAR},
      content_html = #{contentHtml,jdbcType=LONGVARCHAR},
      attachment_name = #{attachmentName,jdbcType=LONGVARCHAR}
    where id = #{id,jdbcType=INTEGER}
  </update>
  <update id="updateByPrimaryKey" parameterType="com.gmadong.modules.bids.Bids" >
    update bids
    set name = #{name,jdbcType=VARCHAR},
      province = #{province,jdbcType=VARCHAR},
      city = #{city,jdbcType=VARCHAR},
      time = #{time,jdbcType=VARCHAR},
      url = #{url,jdbcType=VARCHAR},
      attachment_url = #{attachmentUrl,jdbcType=VARCHAR},
      industry = #{industry,jdbcType=VARCHAR},
      type = #{type,jdbcType=CHAR}
    where id = #{id,jdbcType=INTEGER}
  </update>
  
   <!-- 新增方法 -->
  
  <select id="selectTodayBids" resultMap="BaseResultMap"  >
    select id,name from bids where 
  		TO_DAYS(time) = TO_DAYS(NOW()) 
  		and type = '招标公告' or type = '政府招标' or type = '企业招标'
	 order by time desc limit 6
  </select>
  
  <select id="selectTypeBids" resultMap="BaseResultMap" parameterType="java.lang.String" >
    select id,name,province,time from bids where 1=1 
    <if test="type != null" >
     and type = #{type,jdbcType=CHAR}
    </if>
	 order by time desc limit 11
  </select>
  
    <select id="selectBidsConsultation" resultMap="BaseResultMap"  >
   	 select id,name from bids  order by time desc LIMIT 6
  </select>
  
    <select id="selectFreeAndWinBids" resultMap="BaseResultMap" parameterType="java.lang.String" >
    select id,name from bids where 1=1 
    <if test="type != null" >
     and type = #{type,jdbcType=CHAR}
    </if>
    order by time desc limit 5
  </select>
  
    
    <select id="selectExclusiveBids" resultMap="BaseResultMap"  >
    select id,name from bids order by time desc limit 10
  </select>
  
    <select id="selectBidingByParamsInfo" resultType="com.gmadong.modules.biddinginfo.BidsInfo" parameterType="com.gmadong.modules.biddinginfo.BidsParamsInfo" >
    select id, name as projectName, province, city, time as ctime, type as projectType
    from bids 
    <where>
    	<if test="time != null">
    		time > '${time}'
    	</if>
    	<if test="types !=null">
    		and type in (
    		 <foreach collection="types" item="t" separator="," >  
		   		  '${t}'
		 	 </foreach> 
		 	 )	
    	</if>
    	<if test="provinces !=null">
    		and  (
    		 <foreach collection="provinces" item="p" separator="OR" >  
		   		 province LIKE '${p}%'
		 	 </foreach> 
		 	 ) 
    	</if>
    	<if test="keys !=null">
    		and  (
    		 <foreach collection="keys" item="item" separator="OR" >  
		   		 MATCH(name) AGAINST('*${item}*' IN BOOLEAN MODE)	
		 	 </foreach> 
		 	 ) 
    	</if>
    </where>
 
 	order by time desc 
  </select>
  
   
  <select id="selectLatestRelease" resultMap="BaseResultMap"  >
    select id,name from bids order by time desc limit 10
  </select>
  
  <select id="selectWechatBids" resultMap="BaseResultMap"  >
    select id,url,name,type from bids where 1=1 order by time desc limit 8
  </select>
  
    <select id="selectBidsList" resultType="com.gmadong.modules.bids.BidListInfo"   parameterType="com.gmadong.modules.bids.BidsMinInfo">
    SELECT  id, name, province, time, type from bids 		
		<where>
			<if test="date != null">
			 	 time &gt;= '${date}'
			</if>	
			<if test="type != null">
			 	AND type = '${type}'
			</if>
			<if test="province != null">
			 	AND province like '${province}%'
			</if>
			<if test="title != null">
			 	AND MATCH(name) AGAINST('*${title}*' IN BOOLEAN MODE)	
			</if>
			<if test="industry != null">
			 	AND MATCH(industry) AGAINST('*${industry}*' IN BOOLEAN MODE)	
			</if>
				
		</where>
		order by time desc 
  </select>
  
      <select id="selectBidingByMobileParamsInfo" resultType="com.gmadong.modules.bids.BidListInfo"   parameterType="com.gmadong.modules.bids.BidMobileParamsInfo">
    SELECT  id, name , province, city, time, type from bids 		
		<where>
			<if test="time != null">
			 	 time &gt;= '${time}'
			</if>	
			<if test="type != null">
			 	AND type = '${type}'
			</if>
			<if test="province != null">
			 	AND province like '${province}%'
			</if>
			<if test="keys != null">
			 	AND MATCH(name) AGAINST('*${keys}*' IN BOOLEAN MODE)	
			</if>
		</where>
		order by time desc 
  </select>
  
  
</mapper>