<?xml version="1.0" encoding="UTF-8" ?>
<!DOCTYPE mapper PUBLIC "-//mybatis.org//DTD Mapper 3.0//EN" "http://mybatis.org/dtd/mybatis-3-mapper.dtd" >
<mapper namespace="com.gmadong.modules.news.NewsMapper" >
  <resultMap id="BaseResultMap" type="com.gmadong.modules.news.News" >
    <id column="ID" property="id" jdbcType="CHAR" />
    <result column="title" property="title" jdbcType="VARCHAR" />
    <result column="category" property="category" jdbcType="VARCHAR" />
    <result column="staff_id" property="staffId" jdbcType="CHAR" />
    <result column="staff_name" property="staffName" jdbcType="VARCHAR" />
    <result column="ctime" property="ctime" jdbcType="CHAR" />
  </resultMap>
  <resultMap id="ResultMapWithBLOBs" type="com.gmadong.modules.news.News" extends="BaseResultMap" >
    <result column="content" property="content" jdbcType="LONGVARCHAR" />
  </resultMap>
  <sql id="Example_Where_Clause" >
    <where >
      <foreach collection="oredCriteria" item="criteria" separator="or" >
        <if test="criteria.valid" >
          <trim prefix="(" suffix=")" prefixOverrides="and" >
            <foreach collection="criteria.criteria" item="criterion" >
              <choose >
                <when test="criterion.noValue" >
                  and ${criterion.condition}
                </when>
                <when test="criterion.singleValue" >
                  and ${criterion.condition} #{criterion.value}
                </when>
                <when test="criterion.betweenValue" >
                  and ${criterion.condition} #{criterion.value} and #{criterion.secondValue}
                </when>
                <when test="criterion.listValue" >
                  and ${criterion.condition}
                  <foreach collection="criterion.value" item="listItem" open="(" close=")" separator="," >
                    #{listItem}
                  </foreach>
                </when>
              </choose>
            </foreach>
          </trim>
        </if>
      </foreach>
    </where>
  </sql>
  <sql id="Update_By_Example_Where_Clause" >
    <where >
      <foreach collection="example.oredCriteria" item="criteria" separator="or" >
        <if test="criteria.valid" >
          <trim prefix="(" suffix=")" prefixOverrides="and" >
            <foreach collection="criteria.criteria" item="criterion" >
              <choose >
                <when test="criterion.noValue" >
                  and ${criterion.condition}
                </when>
                <when test="criterion.singleValue" >
                  and ${criterion.condition} #{criterion.value}
                </when>
                <when test="criterion.betweenValue" >
                  and ${criterion.condition} #{criterion.value} and #{criterion.secondValue}
                </when>
                <when test="criterion.listValue" >
                  and ${criterion.condition}
                  <foreach collection="criterion.value" item="listItem" open="(" close=")" separator="," >
                    #{listItem}
                  </foreach>
                </when>
              </choose>
            </foreach>
          </trim>
        </if>
      </foreach>
    </where>
  </sql>
  <sql id="Base_Column_List" >
    ID, title, category, staff_id, staff_name, ctime
  </sql>
  <sql id="Blob_Column_List" >
    content
  </sql>
  <select id="selectByExampleWithBLOBs" resultMap="ResultMapWithBLOBs" parameterType="com.gmadong.modules.news.NewsExample" >
    select
    <if test="distinct" >
      distinct
    </if>
    <include refid="Base_Column_List" />
    ,
    <include refid="Blob_Column_List" />
    from news
    <if test="_parameter != null" >
      <include refid="Example_Where_Clause" />
    </if>
    <if test="orderByClause != null" >
      order by ${orderByClause}
    </if>
  </select>
  <select id="selectByExample" resultMap="BaseResultMap" parameterType="com.gmadong.modules.news.NewsExample" >
    select
    <if test="distinct">
      distinct
    </if>
    <include refid="Base_Column_List" />
    from news
    <if test="_parameter != null" >
      <include refid="Example_Where_Clause" />
    </if>
    <if test="orderByClause != null" >
      order by ${orderByClause}
    </if>
  </select>
  <select id="selectByPrimaryKey" resultMap="ResultMapWithBLOBs" parameterType="java.lang.String" >
    select 
    <include refid="Base_Column_List" />
    ,
    <include refid="Blob_Column_List" />
    from news
    where ID = #{id,jdbcType=CHAR}
  </select>
  <delete id="deleteByPrimaryKey" parameterType="java.lang.String" >
    delete from news
    where ID = #{id,jdbcType=CHAR}
  </delete>
  <delete id="deleteByExample" parameterType="com.gmadong.modules.news.NewsExample" >
    delete from news
    <if test="_parameter != null" >
      <include refid="Example_Where_Clause" />
    </if>
  </delete>
  <insert id="insert" parameterType="com.gmadong.modules.news.News" >
    insert into news (ID, title, category, 
      staff_id, staff_name, ctime, 
      content)
    values (#{id,jdbcType=CHAR}, #{title,jdbcType=VARCHAR}, #{category,jdbcType=VARCHAR}, 
      #{staffId,jdbcType=CHAR}, #{staffName,jdbcType=VARCHAR}, #{ctime,jdbcType=CHAR}, 
      #{content,jdbcType=LONGVARCHAR})
  </insert>
  <insert id="insertSelective" parameterType="com.gmadong.modules.news.News" >
    insert into news
    <trim prefix="(" suffix=")" suffixOverrides="," >
      <if test="id != null" >
        ID,
      </if>
      <if test="title != null" >
        title,
      </if>
      <if test="category != null" >
        category,
      </if>
      <if test="staffId != null" >
        staff_id,
      </if>
      <if test="staffName != null" >
        staff_name,
      </if>
      <if test="ctime != null" >
        ctime,
      </if>
      <if test="content != null" >
        content,
      </if>
    </trim>
    <trim prefix="values (" suffix=")" suffixOverrides="," >
      <if test="id != null" >
        #{id,jdbcType=CHAR},
      </if>
      <if test="title != null" >
        #{title,jdbcType=VARCHAR},
      </if>
      <if test="category != null" >
        #{category,jdbcType=VARCHAR},
      </if>
      <if test="staffId != null" >
        #{staffId,jdbcType=CHAR},
      </if>
      <if test="staffName != null" >
        #{staffName,jdbcType=VARCHAR},
      </if>
      <if test="ctime != null" >
        #{ctime,jdbcType=CHAR},
      </if>
      <if test="content != null" >
        #{content,jdbcType=LONGVARCHAR},
      </if>
    </trim>
  </insert>
  <select id="countByExample" parameterType="com.gmadong.modules.news.NewsExample" resultType="java.lang.Integer" >
    select count(*) from news
    <if test="_parameter != null" >
      <include refid="Example_Where_Clause" />
    </if>
  </select>
  <update id="updateByExampleSelective" parameterType="map" >
    update news
    <set >
      <if test="record.id != null" >
        ID = #{record.id,jdbcType=CHAR},
      </if>
      <if test="record.title != null" >
        title = #{record.title,jdbcType=VARCHAR},
      </if>
      <if test="record.category != null" >
        category = #{record.category,jdbcType=VARCHAR},
      </if>
      <if test="record.staffId != null" >
        staff_id = #{record.staffId,jdbcType=CHAR},
      </if>
      <if test="record.staffName != null" >
        staff_name = #{record.staffName,jdbcType=VARCHAR},
      </if>
      <if test="record.ctime != null" >
        ctime = #{record.ctime,jdbcType=CHAR},
      </if>
      <if test="record.content != null" >
        content = #{record.content,jdbcType=LONGVARCHAR},
      </if>
    </set>
    <if test="_parameter != null" >
      <include refid="Update_By_Example_Where_Clause" />
    </if>
  </update>
  <update id="updateByExampleWithBLOBs" parameterType="map" >
    update news
    set ID = #{record.id,jdbcType=CHAR},
      title = #{record.title,jdbcType=VARCHAR},
      category = #{record.category,jdbcType=VARCHAR},
      staff_id = #{record.staffId,jdbcType=CHAR},
      staff_name = #{record.staffName,jdbcType=VARCHAR},
      ctime = #{record.ctime,jdbcType=CHAR},
      content = #{record.content,jdbcType=LONGVARCHAR}
    <if test="_parameter != null" >
      <include refid="Update_By_Example_Where_Clause" />
    </if>
  </update>
  <update id="updateByExample" parameterType="map" >
    update news
    set ID = #{record.id,jdbcType=CHAR},
      title = #{record.title,jdbcType=VARCHAR},
      category = #{record.category,jdbcType=VARCHAR},
      staff_id = #{record.staffId,jdbcType=CHAR},
      staff_name = #{record.staffName,jdbcType=VARCHAR},
      ctime = #{record.ctime,jdbcType=CHAR}
    <if test="_parameter != null" >
      <include refid="Update_By_Example_Where_Clause" />
    </if>
  </update>
  <update id="updateByPrimaryKeySelective" parameterType="com.gmadong.modules.news.News" >
    update news
    <set >
      <if test="title != null" >
        title = #{title,jdbcType=VARCHAR},
      </if>
      <if test="category != null" >
        category = #{category,jdbcType=VARCHAR},
      </if>
      <if test="staffId != null" >
        staff_id = #{staffId,jdbcType=CHAR},
      </if>
      <if test="staffName != null" >
        staff_name = #{staffName,jdbcType=VARCHAR},
      </if>
      <if test="ctime != null" >
        ctime = #{ctime,jdbcType=CHAR},
      </if>
      <if test="content != null" >
        content = #{content,jdbcType=LONGVARCHAR},
      </if>
    </set>
    where ID = #{id,jdbcType=CHAR}
  </update>
  <update id="updateByPrimaryKeyWithBLOBs" parameterType="com.gmadong.modules.news.News" >
    update news
    set title = #{title,jdbcType=VARCHAR},
      category = #{category,jdbcType=VARCHAR},
      staff_id = #{staffId,jdbcType=CHAR},
      staff_name = #{staffName,jdbcType=VARCHAR},
      ctime = #{ctime,jdbcType=CHAR},
      content = #{content,jdbcType=LONGVARCHAR}
    where ID = #{id,jdbcType=CHAR}
  </update>
  <update id="updateByPrimaryKey" parameterType="com.gmadong.modules.news.News" >
    update news
    set title = #{title,jdbcType=VARCHAR},
      category = #{category,jdbcType=VARCHAR},
      staff_id = #{staffId,jdbcType=CHAR},
      staff_name = #{staffName,jdbcType=VARCHAR},
      ctime = #{ctime,jdbcType=CHAR}
    where ID = #{id,jdbcType=CHAR}
  </update>
  
  <!--新增  -->
  <select id="selectNewsList" resultMap="BaseResultMap" parameterType="com.gmadong.modules.news.NewsExample" >
    select
    <if test="distinct">
      distinct
    </if>
    id,title,category,content,ctime from news
    <if test="_parameter != null" >
      <include refid="Example_Where_Clause" />
    </if>
    <if test="orderByClause != null" >
      order by ${orderByClause}
    </if>
  </select>

    <select id="selectByCategory" resultMap="BaseResultMap" parameterType="java.lang.String" >
    select id,title	from news where
   		category = #{category,jdbcType=VARCHAR}
   	limit 5
  </select>
  
  <select id="selectTodayNews" resultMap="BaseResultMap" >
	SELECT id,title FROM news order by ctime desc
	limit 6
  </select>
  
    <select id="selectHotNews" resultMap="BaseResultMap" >
	SELECT id,title FROM news order by ctime desc limit 10
  </select>
</mapper>