<?xml version="1.0" encoding="UTF-8" ?>
<!DOCTYPE mapper PUBLIC "-//mybatis.org//DTD Mapper 3.0//EN" "http://mybatis.org/dtd/mybatis-3-mapper.dtd" >
<mapper namespace="com.gmadong.modules.browsingHistory.BrowsingHistoryMapper" >
  <resultMap id="BaseResultMap" type="com.gmadong.modules.browsingHistory.BrowsingHistory" >
    <id column="id" property="id" jdbcType="CHAR" />
    <result column="user_id" property="userId" jdbcType="CHAR" />
    <result column="biddingInfo_id" property="biddinginfoId" jdbcType="CHAR" />
    <result column="biddingInfo_title" property="biddinginfoTitle" jdbcType="VARCHAR" />
    <result column="ctime" property="ctime" jdbcType="CHAR" />
  </resultMap>
  <sql id="Example_Where_Clause" >
    <where >
      <foreach collection="oredCriteria" item="criteria" separator="or" >
        <if test="criteria.valid" >
          <trim prefix="(" suffix=")" prefixOverrides="and" >
            <foreach collection="criteria.criteria" item="criterion" >
              <choose >
                <when test="criterion.noValue" >
                  and ${criterion.condition}
                </when>
                <when test="criterion.singleValue" >
                  and ${criterion.condition} #{criterion.value}
                </when>
                <when test="criterion.betweenValue" >
                  and ${criterion.condition} #{criterion.value} and #{criterion.secondValue}
                </when>
                <when test="criterion.listValue" >
                  and ${criterion.condition}
                  <foreach collection="criterion.value" item="listItem" open="(" close=")" separator="," >
                    #{listItem}
                  </foreach>
                </when>
              </choose>
            </foreach>
          </trim>
        </if>
      </foreach>
    </where>
  </sql>
  <sql id="Update_By_Example_Where_Clause" >
    <where >
      <foreach collection="example.oredCriteria" item="criteria" separator="or" >
        <if test="criteria.valid" >
          <trim prefix="(" suffix=")" prefixOverrides="and" >
            <foreach collection="criteria.criteria" item="criterion" >
              <choose >
                <when test="criterion.noValue" >
                  and ${criterion.condition}
                </when>
                <when test="criterion.singleValue" >
                  and ${criterion.condition} #{criterion.value}
                </when>
                <when test="criterion.betweenValue" >
                  and ${criterion.condition} #{criterion.value} and #{criterion.secondValue}
                </when>
                <when test="criterion.listValue" >
                  and ${criterion.condition}
                  <foreach collection="criterion.value" item="listItem" open="(" close=")" separator="," >
                    #{listItem}
                  </foreach>
                </when>
              </choose>
            </foreach>
          </trim>
        </if>
      </foreach>
    </where>
  </sql>
  <sql id="Base_Column_List" >
    id, user_id, biddingInfo_id, biddingInfo_title, ctime
  </sql>
  <select id="selectByExample" resultMap="BaseResultMap" parameterType="com.gmadong.modules.browsingHistory.BrowsingHistoryExample" >
    select
    <if test="distinct" >
      distinct
    </if>
    <include refid="Base_Column_List" />
    from browsing_history
    <if test="_parameter != null" >
      <include refid="Example_Where_Clause" />
    </if>
    <if test="orderByClause != null" >
      order by ${orderByClause}
    </if>
  </select>
  <select id="selectByPrimaryKey" resultMap="BaseResultMap" parameterType="java.lang.String" >
    select 
    <include refid="Base_Column_List" />
    from browsing_history
    where id = #{id,jdbcType=CHAR}
  </select>
  <delete id="deleteByPrimaryKey" parameterType="java.lang.String" >
    delete from browsing_history
    where id = #{id,jdbcType=CHAR}
  </delete>
  <delete id="deleteByExample" parameterType="com.gmadong.modules.browsingHistory.BrowsingHistoryExample" >
    delete from browsing_history
    <if test="_parameter != null" >
      <include refid="Example_Where_Clause" />
    </if>
  </delete>
  <insert id="insert" parameterType="com.gmadong.modules.browsingHistory.BrowsingHistory" >
    insert into browsing_history (id, user_id, biddingInfo_id, 
      biddingInfo_title, ctime)
    values (#{id,jdbcType=CHAR}, #{userId,jdbcType=CHAR}, #{biddinginfoId,jdbcType=CHAR}, 
      #{biddinginfoTitle,jdbcType=VARCHAR}, #{ctime,jdbcType=CHAR})
  </insert>
  <insert id="insertSelective" parameterType="com.gmadong.modules.browsingHistory.BrowsingHistory" >
    insert into browsing_history
    <trim prefix="(" suffix=")" suffixOverrides="," >
      <if test="id != null" >
        id,
      </if>
      <if test="userId != null" >
        user_id,
      </if>
      <if test="biddinginfoId != null" >
        biddingInfo_id,
      </if>
      <if test="biddinginfoTitle != null" >
        biddingInfo_title,
      </if>
      <if test="ctime != null" >
        ctime,
      </if>
    </trim>
    <trim prefix="values (" suffix=")" suffixOverrides="," >
      <if test="id != null" >
        #{id,jdbcType=CHAR},
      </if>
      <if test="userId != null" >
        #{userId,jdbcType=CHAR},
      </if>
      <if test="biddinginfoId != null" >
        #{biddinginfoId,jdbcType=CHAR},
      </if>
      <if test="biddinginfoTitle != null" >
        #{biddinginfoTitle,jdbcType=VARCHAR},
      </if>
      <if test="ctime != null" >
        #{ctime,jdbcType=CHAR},
      </if>
    </trim>
  </insert>
  <select id="countByExample" parameterType="com.gmadong.modules.browsingHistory.BrowsingHistoryExample" resultType="java.lang.Integer" >
    select count(*) from browsing_history
    <if test="_parameter != null" >
      <include refid="Example_Where_Clause" />
    </if>
  </select>
  <update id="updateByExampleSelective" parameterType="map" >
    update browsing_history
    <set >
      <if test="record.id != null" >
        id = #{record.id,jdbcType=CHAR},
      </if>
      <if test="record.userId != null" >
        user_id = #{record.userId,jdbcType=CHAR},
      </if>
      <if test="record.biddinginfoId != null" >
        biddingInfo_id = #{record.biddinginfoId,jdbcType=CHAR},
      </if>
      <if test="record.biddinginfoTitle != null" >
        biddingInfo_title = #{record.biddinginfoTitle,jdbcType=VARCHAR},
      </if>
      <if test="record.ctime != null" >
        ctime = #{record.ctime,jdbcType=CHAR},
      </if>
    </set>
    <if test="_parameter != null" >
      <include refid="Update_By_Example_Where_Clause" />
    </if>
  </update>
  <update id="updateByExample" parameterType="map" >
    update browsing_history
    set id = #{record.id,jdbcType=CHAR},
      user_id = #{record.userId,jdbcType=CHAR},
      biddingInfo_id = #{record.biddinginfoId,jdbcType=CHAR},
      biddingInfo_title = #{record.biddinginfoTitle,jdbcType=VARCHAR},
      ctime = #{record.ctime,jdbcType=CHAR}
    <if test="_parameter != null" >
      <include refid="Update_By_Example_Where_Clause" />
    </if>
  </update>
  <update id="updateByPrimaryKeySelective" parameterType="com.gmadong.modules.browsingHistory.BrowsingHistory" >
    update browsing_history
    <set >
      <if test="userId != null" >
        user_id = #{userId,jdbcType=CHAR},
      </if>
      <if test="biddinginfoId != null" >
        biddingInfo_id = #{biddinginfoId,jdbcType=CHAR},
      </if>
      <if test="biddinginfoTitle != null" >
        biddingInfo_title = #{biddinginfoTitle,jdbcType=VARCHAR},
      </if>
      <if test="ctime != null" >
        ctime = #{ctime,jdbcType=CHAR},
      </if>
    </set>
    where id = #{id,jdbcType=CHAR}
  </update>
  <update id="updateByPrimaryKey" parameterType="com.gmadong.modules.browsingHistory.BrowsingHistory" >
    update browsing_history
    set user_id = #{userId,jdbcType=CHAR},
      biddingInfo_id = #{biddinginfoId,jdbcType=CHAR},
      biddingInfo_title = #{biddinginfoTitle,jdbcType=VARCHAR},
      ctime = #{ctime,jdbcType=CHAR}
    where id = #{id,jdbcType=CHAR}
  </update>
</mapper>