<?xml version="1.0" encoding="UTF-8" ?>
<!DOCTYPE mapper PUBLIC "-//mybatis.org//DTD Mapper 3.0//EN" "http://mybatis.org/dtd/mybatis-3-mapper.dtd" >
<mapper namespace="com.gmadong.modules.billinginfo.BillinginfoMapper" >
  <resultMap id="BaseResultMap" type="com.gmadong.modules.billinginfo.Billinginfo" >
    <id column="ID" property="id" jdbcType="CHAR" />
    <result column="user_id" property="userId" jdbcType="CHAR" />
    <result column="invoice" property="invoice" jdbcType="VARCHAR" />
    <result column="invoice_type" property="invoiceType" jdbcType="CHAR" />
    <result column="revenue_certificate" property="revenueCertificate" jdbcType="CHAR" />
    <result column="account_name" property="accountName" jdbcType="VARCHAR" />
    <result column="account_number" property="accountNumber" jdbcType="CHAR" />
    <result column="registered_address" property="registeredAddress" jdbcType="VARCHAR" />
    <result column="registered_landline" property="registeredLandline" jdbcType="VARCHAR" />
    <result column="ctime" property="ctime" jdbcType="CHAR" />
  </resultMap>
  <sql id="Example_Where_Clause" >
    <where >
      <foreach collection="oredCriteria" item="criteria" separator="or" >
        <if test="criteria.valid" >
          <trim prefix="(" suffix=")" prefixOverrides="and" >
            <foreach collection="criteria.criteria" item="criterion" >
              <choose >
                <when test="criterion.noValue" >
                  and ${criterion.condition}
                </when>
                <when test="criterion.singleValue" >
                  and ${criterion.condition} #{criterion.value}
                </when>
                <when test="criterion.betweenValue" >
                  and ${criterion.condition} #{criterion.value} and #{criterion.secondValue}
                </when>
                <when test="criterion.listValue" >
                  and ${criterion.condition}
                  <foreach collection="criterion.value" item="listItem" open="(" close=")" separator="," >
                    #{listItem}
                  </foreach>
                </when>
              </choose>
            </foreach>
          </trim>
        </if>
      </foreach>
    </where>
  </sql>
  <sql id="Update_By_Example_Where_Clause" >
    <where >
      <foreach collection="example.oredCriteria" item="criteria" separator="or" >
        <if test="criteria.valid" >
          <trim prefix="(" suffix=")" prefixOverrides="and" >
            <foreach collection="criteria.criteria" item="criterion" >
              <choose >
                <when test="criterion.noValue" >
                  and ${criterion.condition}
                </when>
                <when test="criterion.singleValue" >
                  and ${criterion.condition} #{criterion.value}
                </when>
                <when test="criterion.betweenValue" >
                  and ${criterion.condition} #{criterion.value} and #{criterion.secondValue}
                </when>
                <when test="criterion.listValue" >
                  and ${criterion.condition}
                  <foreach collection="criterion.value" item="listItem" open="(" close=")" separator="," >
                    #{listItem}
                  </foreach>
                </when>
              </choose>
            </foreach>
          </trim>
        </if>
      </foreach>
    </where>
  </sql>
  <sql id="Base_Column_List" >
    ID, user_id, invoice, invoice_type, revenue_certificate, account_name, account_number, 
    registered_address, registered_landline, ctime
  </sql>
  <select id="selectByExample" resultMap="BaseResultMap" parameterType="com.gmadong.modules.billinginfo.BillinginfoExample" >
    select
    <if test="distinct" >
      distinct
    </if>
    <include refid="Base_Column_List" />
    from billinginfo
    <if test="_parameter != null" >
      <include refid="Example_Where_Clause" />
    </if>
    <if test="orderByClause != null" >
      order by ${orderByClause}
    </if>
  </select>
  <select id="selectByPrimaryKey" resultMap="BaseResultMap" parameterType="java.lang.String" >
    select 
    <include refid="Base_Column_List" />
    from billinginfo
    where ID = #{id,jdbcType=CHAR}
  </select>
  <delete id="deleteByPrimaryKey" parameterType="java.lang.String" >
    delete from billinginfo
    where ID = #{id,jdbcType=CHAR}
  </delete>
  <delete id="deleteByExample" parameterType="com.gmadong.modules.billinginfo.BillinginfoExample" >
    delete from billinginfo
    <if test="_parameter != null" >
      <include refid="Example_Where_Clause" />
    </if>
  </delete>
  <insert id="insert" parameterType="com.gmadong.modules.billinginfo.Billinginfo" >
    insert into billinginfo (ID, user_id, invoice, 
      invoice_type, revenue_certificate, account_name, 
      account_number, registered_address, registered_landline, 
      ctime)
    values (#{id,jdbcType=CHAR}, #{userId,jdbcType=CHAR}, #{invoice,jdbcType=VARCHAR}, 
      #{invoiceType,jdbcType=CHAR}, #{revenueCertificate,jdbcType=CHAR}, #{accountName,jdbcType=VARCHAR}, 
      #{accountNumber,jdbcType=CHAR}, #{registeredAddress,jdbcType=VARCHAR}, #{registeredLandline,jdbcType=VARCHAR}, 
      #{ctime,jdbcType=CHAR})
  </insert>
  <insert id="insertSelective" parameterType="com.gmadong.modules.billinginfo.Billinginfo" >
    insert into billinginfo
    <trim prefix="(" suffix=")" suffixOverrides="," >
      <if test="id != null" >
        ID,
      </if>
      <if test="userId != null" >
        user_id,
      </if>
      <if test="invoice != null" >
        invoice,
      </if>
      <if test="invoiceType != null" >
        invoice_type,
      </if>
      <if test="revenueCertificate != null" >
        revenue_certificate,
      </if>
      <if test="accountName != null" >
        account_name,
      </if>
      <if test="accountNumber != null" >
        account_number,
      </if>
      <if test="registeredAddress != null" >
        registered_address,
      </if>
      <if test="registeredLandline != null" >
        registered_landline,
      </if>
      <if test="ctime != null" >
        ctime,
      </if>
    </trim>
    <trim prefix="values (" suffix=")" suffixOverrides="," >
      <if test="id != null" >
        #{id,jdbcType=CHAR},
      </if>
      <if test="userId != null" >
        #{userId,jdbcType=CHAR},
      </if>
      <if test="invoice != null" >
        #{invoice,jdbcType=VARCHAR},
      </if>
      <if test="invoiceType != null" >
        #{invoiceType,jdbcType=CHAR},
      </if>
      <if test="revenueCertificate != null" >
        #{revenueCertificate,jdbcType=CHAR},
      </if>
      <if test="accountName != null" >
        #{accountName,jdbcType=VARCHAR},
      </if>
      <if test="accountNumber != null" >
        #{accountNumber,jdbcType=CHAR},
      </if>
      <if test="registeredAddress != null" >
        #{registeredAddress,jdbcType=VARCHAR},
      </if>
      <if test="registeredLandline != null" >
        #{registeredLandline,jdbcType=VARCHAR},
      </if>
      <if test="ctime != null" >
        #{ctime,jdbcType=CHAR},
      </if>
    </trim>
  </insert>
  <select id="countByExample" parameterType="com.gmadong.modules.billinginfo.BillinginfoExample" resultType="java.lang.Integer" >
    select count(*) from billinginfo
    <if test="_parameter != null" >
      <include refid="Example_Where_Clause" />
    </if>
  </select>
  <update id="updateByExampleSelective" parameterType="map" >
    update billinginfo
    <set >
      <if test="record.id != null" >
        ID = #{record.id,jdbcType=CHAR},
      </if>
      <if test="record.userId != null" >
        user_id = #{record.userId,jdbcType=CHAR},
      </if>
      <if test="record.invoice != null" >
        invoice = #{record.invoice,jdbcType=VARCHAR},
      </if>
      <if test="record.invoiceType != null" >
        invoice_type = #{record.invoiceType,jdbcType=CHAR},
      </if>
      <if test="record.revenueCertificate != null" >
        revenue_certificate = #{record.revenueCertificate,jdbcType=CHAR},
      </if>
      <if test="record.accountName != null" >
        account_name = #{record.accountName,jdbcType=VARCHAR},
      </if>
      <if test="record.accountNumber != null" >
        account_number = #{record.accountNumber,jdbcType=CHAR},
      </if>
      <if test="record.registeredAddress != null" >
        registered_address = #{record.registeredAddress,jdbcType=VARCHAR},
      </if>
      <if test="record.registeredLandline != null" >
        registered_landline = #{record.registeredLandline,jdbcType=VARCHAR},
      </if>
      <if test="record.ctime != null" >
        ctime = #{record.ctime,jdbcType=CHAR},
      </if>
    </set>
    <if test="_parameter != null" >
      <include refid="Update_By_Example_Where_Clause" />
    </if>
  </update>
  <update id="updateByExample" parameterType="map" >
    update billinginfo
    set ID = #{record.id,jdbcType=CHAR},
      user_id = #{record.userId,jdbcType=CHAR},
      invoice = #{record.invoice,jdbcType=VARCHAR},
      invoice_type = #{record.invoiceType,jdbcType=CHAR},
      revenue_certificate = #{record.revenueCertificate,jdbcType=CHAR},
      account_name = #{record.accountName,jdbcType=VARCHAR},
      account_number = #{record.accountNumber,jdbcType=CHAR},
      registered_address = #{record.registeredAddress,jdbcType=VARCHAR},
      registered_landline = #{record.registeredLandline,jdbcType=VARCHAR},
      ctime = #{record.ctime,jdbcType=CHAR}
    <if test="_parameter != null" >
      <include refid="Update_By_Example_Where_Clause" />
    </if>
  </update>
  <update id="updateByPrimaryKeySelective" parameterType="com.gmadong.modules.billinginfo.Billinginfo" >
    update billinginfo
    <set >
      <if test="userId != null" >
        user_id = #{userId,jdbcType=CHAR},
      </if>
      <if test="invoice != null" >
        invoice = #{invoice,jdbcType=VARCHAR},
      </if>
      <if test="invoiceType != null" >
        invoice_type = #{invoiceType,jdbcType=CHAR},
      </if>
      <if test="revenueCertificate != null" >
        revenue_certificate = #{revenueCertificate,jdbcType=CHAR},
      </if>
      <if test="accountName != null" >
        account_name = #{accountName,jdbcType=VARCHAR},
      </if>
      <if test="accountNumber != null" >
        account_number = #{accountNumber,jdbcType=CHAR},
      </if>
      <if test="registeredAddress != null" >
        registered_address = #{registeredAddress,jdbcType=VARCHAR},
      </if>
      <if test="registeredLandline != null" >
        registered_landline = #{registeredLandline,jdbcType=VARCHAR},
      </if>
      <if test="ctime != null" >
        ctime = #{ctime,jdbcType=CHAR},
      </if>
    </set>
    where ID = #{id,jdbcType=CHAR}
  </update>
  <!-- 用户发票信息修改 -->
  <update id="updateByPrimaryKey" parameterType="com.gmadong.modules.billinginfo.Billinginfo" >
    update billinginfo
    set user_id = #{userId,jdbcType=CHAR},
      invoice = #{invoice,jdbcType=VARCHAR},
      invoice_type = #{invoiceType,jdbcType=CHAR},
      revenue_certificate = #{revenueCertificate,jdbcType=CHAR},
      account_name = #{accountName,jdbcType=VARCHAR},
      account_number = #{accountNumber,jdbcType=CHAR},
      registered_address = #{registeredAddress,jdbcType=VARCHAR},
      registered_landline = #{registeredLandline,jdbcType=VARCHAR},
      ctime = #{ctime,jdbcType=CHAR}
    where ID = #{id,jdbcType=CHAR}
  </update>
     <!-- 根据userid查询当前发票信息 -->
     <select id="selectInvoiceById" resultMap="BaseResultMap" parameterType="java.lang.String">
          select 
          <include refid="Base_Column_List"/>
          from billinginfo where user_id=#{id,jdbcType=CHAR}
  </select>
</mapper>