<?xml version="1.0" encoding="UTF-8" ?>
<!DOCTYPE mapper PUBLIC "-//mybatis.org//DTD Mapper 3.0//EN" "http://mybatis.org/dtd/mybatis-3-mapper.dtd" >
<mapper namespace="com.gmadong.modules.user.UserMapper" >
  <resultMap id="BaseResultMap" type="com.gmadong.modules.user.User" >
    <id column="ID" property="id" jdbcType="CHAR" />
    <result column="open_id" property="openId" jdbcType="CHAR" />
    <result column="tag_id" property="tagId" jdbcType="INTEGER" />
    <result column="phone" property="phone" jdbcType="VARCHAR" />
    <result column="personal_office" property="personalOffice" jdbcType="CHAR" />
    <result column="name" property="name" jdbcType="VARCHAR" />
    <result column="sex" property="sex" jdbcType="CHAR" />
    <result column="birthday" property="birthday" jdbcType="CHAR" />
    <result column="nickname" property="nickname" jdbcType="CHAR" />
    <result column="portrait" property="portrait" jdbcType="CHAR" />
    <result column="province" property="province" jdbcType="CHAR" />
    <result column="city" property="city" jdbcType="CHAR" />
    <result column="county" property="county" jdbcType="CHAR" />
    <result column="address" property="address" jdbcType="VARCHAR" />
    <result column="contacts" property="contacts" jdbcType="CHAR" />
    <result column="postal_code" property="postalCode" jdbcType="CHAR" />
    <result column="email_address" property="emailAddress" jdbcType="VARCHAR" />
    <result column="idcard_front" property="idcardFront" jdbcType="CHAR" />
    <result column="idcard_back" property="idcardBack" jdbcType="CHAR" />
    <result column="grade" property="grade" jdbcType="CHAR" />
    <result column="password" property="password" jdbcType="CHAR" />
    <result column="status" property="status" jdbcType="CHAR" />
    <result column="ctime" property="ctime" jdbcType="CHAR" />
    <result column="ltime" property="ltime" jdbcType="CHAR" />
    <result column="ptime" property="ptime" jdbcType="CHAR" />
  </resultMap>
  <sql id="Example_Where_Clause" >
    <where >
      <foreach collection="oredCriteria" item="criteria" separator="or" >
        <if test="criteria.valid" >
          <trim prefix="(" suffix=")" prefixOverrides="and" >
            <foreach collection="criteria.criteria" item="criterion" >
              <choose >
                <when test="criterion.noValue" >
                  and ${criterion.condition}
                </when>
                <when test="criterion.singleValue" >
                  and ${criterion.condition} #{criterion.value}
                </when>
                <when test="criterion.betweenValue" >
                  and ${criterion.condition} #{criterion.value} and #{criterion.secondValue}
                </when>
                <when test="criterion.listValue" >
                  and ${criterion.condition}
                  <foreach collection="criterion.value" item="listItem" open="(" close=")" separator="," >
                    #{listItem}
                  </foreach>
                </when>
              </choose>
            </foreach>
          </trim>
        </if>
      </foreach>
    </where>
  </sql>
  <sql id="Update_By_Example_Where_Clause" >
    <where >
      <foreach collection="example.oredCriteria" item="criteria" separator="or" >
        <if test="criteria.valid" >
          <trim prefix="(" suffix=")" prefixOverrides="and" >
            <foreach collection="criteria.criteria" item="criterion" >
              <choose >
                <when test="criterion.noValue" >
                  and ${criterion.condition}
                </when>
                <when test="criterion.singleValue" >
                  and ${criterion.condition} #{criterion.value}
                </when>
                <when test="criterion.betweenValue" >
                  and ${criterion.condition} #{criterion.value} and #{criterion.secondValue}
                </when>
                <when test="criterion.listValue" >
                  and ${criterion.condition}
                  <foreach collection="criterion.value" item="listItem" open="(" close=")" separator="," >
                    #{listItem}
                  </foreach>
                </when>
              </choose>
            </foreach>
          </trim>
        </if>
      </foreach>
    </where>
  </sql>
  <sql id="Base_Column_List" >
    ID, open_id, tag_id, phone, personal_office, name, sex, birthday, nickname, portrait, 
    province, city, county, address, contacts, postal_code, email_address, idcard_front, 
    idcard_back, grade, password, status, ctime, ltime, ptime
  </sql>
  <select id="selectByExample" resultMap="BaseResultMap" parameterType="com.gmadong.modules.user.UserExample" >
    select
    <if test="distinct" >
      distinct
    </if>
    <include refid="Base_Column_List" />
    from user
    <if test="_parameter != null" >
      <include refid="Example_Where_Clause" />
    </if>
    <if test="orderByClause != null" >
      order by ${orderByClause}
    </if>
  </select>
  <select id="selectByPrimaryKey" resultMap="BaseResultMap" parameterType="java.lang.String" >
    select 
    <include refid="Base_Column_List" />
    from user
    where ID = #{id,jdbcType=CHAR}
  </select>
  <delete id="deleteByPrimaryKey" parameterType="java.lang.String" >
    delete from user
    where ID = #{id,jdbcType=CHAR}
  </delete>
  <delete id="deleteByExample" parameterType="com.gmadong.modules.user.UserExample" >
    delete from user
    <if test="_parameter != null" >
      <include refid="Example_Where_Clause" />
    </if>
  </delete>
  <insert id="insert" parameterType="com.gmadong.modules.user.User" >
    insert into user (ID, open_id, tag_id, 
      phone, personal_office, name, 
      sex, birthday, nickname, portrait, 
      province, city, county, address, 
      contacts, postal_code, email_address, 
      idcard_front, idcard_back, grade, 
      password, status, ctime, ltime, 
      ptime)
    values (#{id,jdbcType=CHAR}, #{openId,jdbcType=CHAR}, #{tagId,jdbcType=INTEGER}, 
      #{phone,jdbcType=VARCHAR}, #{personalOffice,jdbcType=CHAR}, #{name,jdbcType=VARCHAR}, 
      #{sex,jdbcType=CHAR}, #{birthday,jdbcType=CHAR}, #{nickname,jdbcType=CHAR}, #{portrait,jdbcType=CHAR}, 
      #{province,jdbcType=CHAR}, #{city,jdbcType=CHAR}, #{county,jdbcType=CHAR}, #{address,jdbcType=VARCHAR}, 
      #{contacts,jdbcType=CHAR}, #{postalCode,jdbcType=CHAR}, #{emailAddress,jdbcType=VARCHAR}, 
      #{idcardFront,jdbcType=CHAR}, #{idcardBack,jdbcType=CHAR}, #{grade,jdbcType=CHAR}, 
      #{password,jdbcType=CHAR}, #{status,jdbcType=CHAR}, #{ctime,jdbcType=CHAR}, #{ltime,jdbcType=CHAR}, 
      #{ptime,jdbcType=CHAR})
  </insert>
  <insert id="insertSelective" parameterType="com.gmadong.modules.user.User" >
    insert into user
    <trim prefix="(" suffix=")" suffixOverrides="," >
      <if test="id != null" >
        ID,
      </if>
      <if test="openId != null" >
        open_id,
      </if>
      <if test="tagId != null" >
        tag_id,
      </if>
      <if test="phone != null" >
        phone,
      </if>
      <if test="personalOffice != null" >
        personal_office,
      </if>
      <if test="name != null" >
        name,
      </if>
      <if test="sex != null" >
        sex,
      </if>
      <if test="birthday != null" >
        birthday,
      </if>
      <if test="nickname != null" >
        nickname,
      </if>
      <if test="portrait != null" >
        portrait,
      </if>
      <if test="province != null" >
        province,
      </if>
      <if test="city != null" >
        city,
      </if>
      <if test="county != null" >
        county,
      </if>
      <if test="address != null" >
        address,
      </if>
      <if test="contacts != null" >
        contacts,
      </if>
      <if test="postalCode != null" >
        postal_code,
      </if>
      <if test="emailAddress != null" >
        email_address,
      </if>
      <if test="idcardFront != null" >
        idcard_front,
      </if>
      <if test="idcardBack != null" >
        idcard_back,
      </if>
      <if test="grade != null" >
        grade,
      </if>
      <if test="password != null" >
        password,
      </if>
      <if test="status != null" >
        status,
      </if>
      <if test="ctime != null" >
        ctime,
      </if>
      <if test="ltime != null" >
        ltime,
      </if>
      <if test="ptime != null" >
        ptime,
      </if>
    </trim>
    <trim prefix="values (" suffix=")" suffixOverrides="," >
      <if test="id != null" >
        #{id,jdbcType=CHAR},
      </if>
      <if test="openId != null" >
        #{openId,jdbcType=CHAR},
      </if>
      <if test="tagId != null" >
        #{tagId,jdbcType=INTEGER},
      </if>
      <if test="phone != null" >
        #{phone,jdbcType=VARCHAR},
      </if>
      <if test="personalOffice != null" >
        #{personalOffice,jdbcType=CHAR},
      </if>
      <if test="name != null" >
        #{name,jdbcType=VARCHAR},
      </if>
      <if test="sex != null" >
        #{sex,jdbcType=CHAR},
      </if>
      <if test="birthday != null" >
        #{birthday,jdbcType=CHAR},
      </if>
      <if test="nickname != null" >
        #{nickname,jdbcType=CHAR},
      </if>
      <if test="portrait != null" >
        #{portrait,jdbcType=CHAR},
      </if>
      <if test="province != null" >
        #{province,jdbcType=CHAR},
      </if>
      <if test="city != null" >
        #{city,jdbcType=CHAR},
      </if>
      <if test="county != null" >
        #{county,jdbcType=CHAR},
      </if>
      <if test="address != null" >
        #{address,jdbcType=VARCHAR},
      </if>
      <if test="contacts != null" >
        #{contacts,jdbcType=CHAR},
      </if>
      <if test="postalCode != null" >
        #{postalCode,jdbcType=CHAR},
      </if>
      <if test="emailAddress != null" >
        #{emailAddress,jdbcType=VARCHAR},
      </if>
      <if test="idcardFront != null" >
        #{idcardFront,jdbcType=CHAR},
      </if>
      <if test="idcardBack != null" >
        #{idcardBack,jdbcType=CHAR},
      </if>
      <if test="grade != null" >
        #{grade,jdbcType=CHAR},
      </if>
      <if test="password != null" >
        #{password,jdbcType=CHAR},
      </if>
      <if test="status != null" >
        #{status,jdbcType=CHAR},
      </if>
      <if test="ctime != null" >
        #{ctime,jdbcType=CHAR},
      </if>
      <if test="ltime != null" >
        #{ltime,jdbcType=CHAR},
      </if>
      <if test="ptime != null" >
        #{ptime,jdbcType=CHAR},
      </if>
    </trim>
  </insert>
  <select id="countByExample" parameterType="com.gmadong.modules.user.UserExample" resultType="java.lang.Integer" >
    select count(*) from user
    <if test="_parameter != null" >
      <include refid="Example_Where_Clause" />
    </if>
  </select>
  <update id="updateByExampleSelective" parameterType="map" >
    update user
    <set >
      <if test="record.id != null" >
        ID = #{record.id,jdbcType=CHAR},
      </if>
      <if test="record.openId != null" >
        open_id = #{record.openId,jdbcType=CHAR},
      </if>
      <if test="record.tagId != null" >
        tag_id = #{record.tagId,jdbcType=INTEGER},
      </if>
      <if test="record.phone != null" >
        phone = #{record.phone,jdbcType=VARCHAR},
      </if>
      <if test="record.personalOffice != null" >
        personal_office = #{record.personalOffice,jdbcType=CHAR},
      </if>
      <if test="record.name != null" >
        name = #{record.name,jdbcType=VARCHAR},
      </if>
      <if test="record.sex != null" >
        sex = #{record.sex,jdbcType=CHAR},
      </if>
      <if test="record.birthday != null" >
        birthday = #{record.birthday,jdbcType=CHAR},
      </if>
      <if test="record.nickname != null" >
        nickname = #{record.nickname,jdbcType=CHAR},
      </if>
      <if test="record.portrait != null" >
        portrait = #{record.portrait,jdbcType=CHAR},
      </if>
      <if test="record.province != null" >
        province = #{record.province,jdbcType=CHAR},
      </if>
      <if test="record.city != null" >
        city = #{record.city,jdbcType=CHAR},
      </if>
      <if test="record.county != null" >
        county = #{record.county,jdbcType=CHAR},
      </if>
      <if test="record.address != null" >
        address = #{record.address,jdbcType=VARCHAR},
      </if>
      <if test="record.contacts != null" >
        contacts = #{record.contacts,jdbcType=CHAR},
      </if>
      <if test="record.postalCode != null" >
        postal_code = #{record.postalCode,jdbcType=CHAR},
      </if>
      <if test="record.emailAddress != null" >
        email_address = #{record.emailAddress,jdbcType=VARCHAR},
      </if>
      <if test="record.idcardFront != null" >
        idcard_front = #{record.idcardFront,jdbcType=CHAR},
      </if>
      <if test="record.idcardBack != null" >
        idcard_back = #{record.idcardBack,jdbcType=CHAR},
      </if>
      <if test="record.grade != null" >
        grade = #{record.grade,jdbcType=CHAR},
      </if>
      <if test="record.password != null" >
        password = #{record.password,jdbcType=CHAR},
      </if>
      <if test="record.status != null" >
        status = #{record.status,jdbcType=CHAR},
      </if>
      <if test="record.ctime != null" >
        ctime = #{record.ctime,jdbcType=CHAR},
      </if>
      <if test="record.ltime != null" >
        ltime = #{record.ltime,jdbcType=CHAR},
      </if>
      <if test="record.ptime != null" >
        ptime = #{record.ptime,jdbcType=CHAR},
      </if>
    </set>
    <if test="_parameter != null" >
      <include refid="Update_By_Example_Where_Clause" />
    </if>
  </update>
  <update id="updateByExample" parameterType="map" >
    update user
    set ID = #{record.id,jdbcType=CHAR},
      open_id = #{record.openId,jdbcType=CHAR},
      tag_id = #{record.tagId,jdbcType=INTEGER},
      phone = #{record.phone,jdbcType=VARCHAR},
      personal_office = #{record.personalOffice,jdbcType=CHAR},
      name = #{record.name,jdbcType=VARCHAR},
      sex = #{record.sex,jdbcType=CHAR},
      birthday = #{record.birthday,jdbcType=CHAR},
      nickname = #{record.nickname,jdbcType=CHAR},
      portrait = #{record.portrait,jdbcType=CHAR},
      province = #{record.province,jdbcType=CHAR},
      city = #{record.city,jdbcType=CHAR},
      county = #{record.county,jdbcType=CHAR},
      address = #{record.address,jdbcType=VARCHAR},
      contacts = #{record.contacts,jdbcType=CHAR},
      postal_code = #{record.postalCode,jdbcType=CHAR},
      email_address = #{record.emailAddress,jdbcType=VARCHAR},
      idcard_front = #{record.idcardFront,jdbcType=CHAR},
      idcard_back = #{record.idcardBack,jdbcType=CHAR},
      grade = #{record.grade,jdbcType=CHAR},
      password = #{record.password,jdbcType=CHAR},
      status = #{record.status,jdbcType=CHAR},
      ctime = #{record.ctime,jdbcType=CHAR},
      ltime = #{record.ltime,jdbcType=CHAR},
      ptime = #{record.ptime,jdbcType=CHAR}
    <if test="_parameter != null" >
      <include refid="Update_By_Example_Where_Clause" />
    </if>
  </update>
  <update id="updateByPrimaryKeySelective" parameterType="com.gmadong.modules.user.User" >
    update user
    <set >
      <if test="openId != null" >
        open_id = #{openId,jdbcType=CHAR},
      </if>
      <if test="tagId != null" >
        tag_id = #{tagId,jdbcType=INTEGER},
      </if>
      <if test="phone != null" >
        phone = #{phone,jdbcType=VARCHAR},
      </if>
      <if test="personalOffice != null" >
        personal_office = #{personalOffice,jdbcType=CHAR},
      </if>
      <if test="name != null" >
        name = #{name,jdbcType=VARCHAR},
      </if>
      <if test="sex != null" >
        sex = #{sex,jdbcType=CHAR},
      </if>
      <if test="birthday != null" >
        birthday = #{birthday,jdbcType=CHAR},
      </if>
      <if test="nickname != null" >
        nickname = #{nickname,jdbcType=CHAR},
      </if>
      <if test="portrait != null" >
        portrait = #{portrait,jdbcType=CHAR},
      </if>
      <if test="province != null" >
        province = #{province,jdbcType=CHAR},
      </if>
      <if test="city != null" >
        city = #{city,jdbcType=CHAR},
      </if>
      <if test="county != null" >
        county = #{county,jdbcType=CHAR},
      </if>
      <if test="address != null" >
        address = #{address,jdbcType=VARCHAR},
      </if>
      <if test="contacts != null" >
        contacts = #{contacts,jdbcType=CHAR},
      </if>
      <if test="postalCode != null" >
        postal_code = #{postalCode,jdbcType=CHAR},
      </if>
      <if test="emailAddress != null" >
        email_address = #{emailAddress,jdbcType=VARCHAR},
      </if>
      <if test="idcardFront != null" >
        idcard_front = #{idcardFront,jdbcType=CHAR},
      </if>
      <if test="idcardBack != null" >
        idcard_back = #{idcardBack,jdbcType=CHAR},
      </if>
      <if test="grade != null" >
        grade = #{grade,jdbcType=CHAR},
      </if>
      <if test="password != null" >
        password = #{password,jdbcType=CHAR},
      </if>
      <if test="status != null" >
        status = #{status,jdbcType=CHAR},
      </if>
      <if test="ctime != null" >
        ctime = #{ctime,jdbcType=CHAR},
      </if>
      <if test="ltime != null" >
        ltime = #{ltime,jdbcType=CHAR},
      </if>
      <if test="ptime != null" >
        ptime = #{ptime,jdbcType=CHAR},
      </if>
    </set>
    where ID = #{id,jdbcType=CHAR}
  </update>
  <update id="updateByPrimaryKey" parameterType="com.gmadong.modules.user.User" >
    update user
    set open_id = #{openId,jdbcType=CHAR},
      tag_id = #{tagId,jdbcType=INTEGER},
      phone = #{phone,jdbcType=VARCHAR},
      personal_office = #{personalOffice,jdbcType=CHAR},
      name = #{name,jdbcType=VARCHAR},
      sex = #{sex,jdbcType=CHAR},
      birthday = #{birthday,jdbcType=CHAR},
      nickname = #{nickname,jdbcType=CHAR},
      portrait = #{portrait,jdbcType=CHAR},
      province = #{province,jdbcType=CHAR},
      city = #{city,jdbcType=CHAR},
      county = #{county,jdbcType=CHAR},
      address = #{address,jdbcType=VARCHAR},
      contacts = #{contacts,jdbcType=CHAR},
      postal_code = #{postalCode,jdbcType=CHAR},
      email_address = #{emailAddress,jdbcType=VARCHAR},
      idcard_front = #{idcardFront,jdbcType=CHAR},
      idcard_back = #{idcardBack,jdbcType=CHAR},
      grade = #{grade,jdbcType=CHAR},
      password = #{password,jdbcType=CHAR},
      status = #{status,jdbcType=CHAR},
      ctime = #{ctime,jdbcType=CHAR},
      ltime = #{ltime,jdbcType=CHAR},
      ptime = #{ptime,jdbcType=CHAR}
    where ID = #{id,jdbcType=CHAR}
  </update>
  
   <!-- 自己加的方法 -->
  <select id="getNicknameByPrimaryKey"   resultType="java.lang.String" parameterType="java.lang.String" >
    select 
   	nickname
    from user
    where ID = #{id,jdbcType=CHAR}
  </select>
  <!-- 自己加的方法 -->
  <select id="getPhoneByPrimaryKey"   resultType="java.lang.String" parameterType="java.lang.String" >
    select 
   	phone
    from user
    where ID = #{id,jdbcType=CHAR}
  </select>
   <!-- 根据用户名查询user表中的用户 -->
  <select id="selectUserByName" resultMap="BaseResultMap" parameterType="java.lang.String" >
    select 
    <include refid="Base_Column_List" />
    from user
    where  name= #{name,jdbcType=VARCHAR}
  </select>
  
  <!-- 修改登录时间 -->
   <update id="updateByltime" parameterType="java.lang.String">
    update user set ltime=#{dtime,jdbcType=CHAR} where phone = #{phone,jdbcType=VARCHAR}
   </update>
   <!-- 注册用户 -->
	 <insert id="insertUserQdUregister" parameterType="com.gmadong.modules.user.User" >
    insert into user (ID,phone, personal_office,contacts, password,ctime)
    values (#{id,jdbcType=CHAR},#{phone,jdbcType=VARCHAR},#{personalOffice,jdbcType=CHAR},
      #{contacts,jdbcType=CHAR},#{password,jdbcType=CHAR},#{ctime,jdbcType=CHAR})
  </insert>
  <insert id="insertUserQdMregister" parameterType="com.gmadong.modules.company.Company" >
    insert into company (ID, staff_id, title,contacts,number,ctime)
      values (#{id,jdbcType=CHAR}, #{staffId,jdbcType=CHAR}, #{title,jdbcType=VARCHAR}, 
      #{contacts,jdbcType=CHAR},#{number,jdbcType=CHAR}, #{ctime,jdbcType=CHAR})
  </insert>
  <!-- 根据用户名phone查询user表中的用户 -->
  <select id="selectUserByPhone" resultMap="BaseResultMap" parameterType="java.lang.String" >
    select 
    <include refid="Base_Column_List" />
    from user
    where  phone= #{phone,jdbcType=VARCHAR}
  </select>
  <!-- 	重置密码 -->
  <update id="updateByPassword" parameterType="java.lang.String">
  	update user set password=#{password,jdbcType=CHAR} where ID = #{id,jdbcType=CHAR}
  </update>
  <!-- 更改手机 -->
  <update id="updateByPhone" parameterType="java.lang.String">
  	update user set phone=#{phone,jdbcType=VARCHAR} where ID = #{id,jdbcType=CHAR}
  </update>
  <!-- 更改邮箱 -->
  <update id="updateByEmail" parameterType="java.lang.String">
  	update user set email_address=#{emailAddress,jdbcType=VARCHAR} where ID = #{id,jdbcType=CHAR}
  </update>
  <!-- 根据用户名email查询user表中的用户 -->
  <select id="selectUserByEmail" resultMap="BaseResultMap" parameterType="java.lang.String" >
    select 
    <include refid="Base_Column_List" />
    from user
    where  email_address= #{emailAddress,jdbcType=VARCHAR}
  </select>
  
  <select id="getNotificationList" resultType="com.gmadong.modules.user.UserInfo">
  	SELECT ID as id,email_address as emailAddress ,phone from `user` WHERE  `status`='0' AND ID in (SELECT user_id from tracker)
  </select>
</mapper>