<?xml version="1.0" encoding="UTF-8" ?>
<!DOCTYPE mapper PUBLIC "-//mybatis.org//DTD Mapper 3.0//EN" "http://mybatis.org/dtd/mybatis-3-mapper.dtd" >
<mapper namespace="com.gmadong.modules.designedinfo.DesignedinfoMapper" >
  <resultMap id="BaseResultMap" type="com.gmadong.modules.designedinfo.Designedinfo" >
    <id column="ID" property="id" jdbcType="CHAR" />
    <result column="staff_id" property="staffId" jdbcType="CHAR" />
    <result column="project_id" property="projectId" jdbcType="CHAR" />
    <result column="designedinfo" property="designedinfo" jdbcType="VARCHAR" />
    <result column="people" property="people" jdbcType="VARCHAR" />
    <result column="remark" property="remark" jdbcType="VARCHAR" />
    <result column="ctime" property="ctime" jdbcType="CHAR" />
  </resultMap>
  <!-- 个人新增-关联查询映射 -->
   <resultMap id="DesignedInfoVOMap" type="com.gmadong.modules.designedinfo.DesignedInfoVO" >
    <result column="ID" property="id" jdbcType="CHAR" />
    <result column="projects_name" property="projectsName" jdbcType="VARCHAR" />
    <result column="upload_attachment" property="uploadAttachment" jdbcType="CHAR" />
    <result column="designedinfo" property="designedinfo" jdbcType="VARCHAR" />
    <result column="people" property="people" jdbcType="VARCHAR" />
    <result column="remark" property="remark" jdbcType="VARCHAR" />
  </resultMap>
  <sql id="Example_Where_Clause" >
    <where >
      <foreach collection="oredCriteria" item="criteria" separator="or" >
        <if test="criteria.valid" >
          <trim prefix="(" suffix=")" prefixOverrides="and" >
            <foreach collection="criteria.criteria" item="criterion" >
              <choose >
                <when test="criterion.noValue" >
                  and ${criterion.condition}
                </when>
                <when test="criterion.singleValue" >
                  and ${criterion.condition} #{criterion.value}
                </when>
                <when test="criterion.betweenValue" >
                  and ${criterion.condition} #{criterion.value} and #{criterion.secondValue}
                </when>
                <when test="criterion.listValue" >
                  and ${criterion.condition}
                  <foreach collection="criterion.value" item="listItem" open="(" close=")" separator="," >
                    #{listItem}
                  </foreach>
                </when>
              </choose>
            </foreach>
          </trim>
        </if>
      </foreach>
    </where>
  </sql>
  <sql id="Update_By_Example_Where_Clause" >
    <where >
      <foreach collection="example.oredCriteria" item="criteria" separator="or" >
        <if test="criteria.valid" >
          <trim prefix="(" suffix=")" prefixOverrides="and" >
            <foreach collection="criteria.criteria" item="criterion" >
              <choose >
                <when test="criterion.noValue" >
                  and ${criterion.condition}
                </when>
                <when test="criterion.singleValue" >
                  and ${criterion.condition} #{criterion.value}
                </when>
                <when test="criterion.betweenValue" >
                  and ${criterion.condition} #{criterion.value} and #{criterion.secondValue}
                </when>
                <when test="criterion.listValue" >
                  and ${criterion.condition}
                  <foreach collection="criterion.value" item="listItem" open="(" close=")" separator="," >
                    #{listItem}
                  </foreach>
                </when>
              </choose>
            </foreach>
          </trim>
        </if>
      </foreach>
    </where>
  </sql>
  <sql id="Base_Column_List" >
    ID, staff_id, project_id, designedinfo, people, remark, ctime
  </sql>
  <select id="selectByExample" resultMap="BaseResultMap" parameterType="com.gmadong.modules.designedinfo.DesignedinfoExample" >
    select
    <if test="distinct" >
      distinct
    </if>
    <include refid="Base_Column_List" />
    from designedinfo
    <if test="_parameter != null" >
      <include refid="Example_Where_Clause" />
    </if>
    <if test="orderByClause != null" >
      order by ${orderByClause}
    </if>
  </select>
  <select id="selectByPrimaryKey" resultMap="BaseResultMap" parameterType="java.lang.String" >
    select 
    <include refid="Base_Column_List" />
    from designedinfo
    where ID = #{id,jdbcType=CHAR}
  </select>
  <delete id="deleteByPrimaryKey" parameterType="java.lang.String" >
    delete from designedinfo
    where ID = #{id,jdbcType=CHAR}
  </delete>
  <delete id="deleteByExample" parameterType="com.gmadong.modules.designedinfo.DesignedinfoExample" >
    delete from designedinfo
    <if test="_parameter != null" >
      <include refid="Example_Where_Clause" />
    </if>
  </delete>
  <insert id="insert" parameterType="com.gmadong.modules.designedinfo.Designedinfo" >
    insert into designedinfo (ID, staff_id, project_id, 
      designedinfo, people, remark, 
      ctime)
    values (#{id,jdbcType=CHAR}, #{staffId,jdbcType=CHAR}, #{projectId,jdbcType=CHAR}, 
      #{designedinfo,jdbcType=VARCHAR}, #{people,jdbcType=VARCHAR}, #{remark,jdbcType=VARCHAR}, 
      #{ctime,jdbcType=CHAR})
  </insert>
  <insert id="insertSelective" parameterType="com.gmadong.modules.designedinfo.Designedinfo" >
    insert into designedinfo
    <trim prefix="(" suffix=")" suffixOverrides="," >
      <if test="id != null" >
        ID,
      </if>
      <if test="staffId != null" >
        staff_id,
      </if>
      <if test="projectId != null" >
        project_id,
      </if>
      <if test="designedinfo != null" >
        designedinfo,
      </if>
      <if test="people != null" >
        people,
      </if>
      <if test="remark != null" >
        remark,
      </if>
      <if test="ctime != null" >
        ctime,
      </if>
    </trim>
    <trim prefix="values (" suffix=")" suffixOverrides="," >
      <if test="id != null" >
        #{id,jdbcType=CHAR},
      </if>
      <if test="staffId != null" >
        #{staffId,jdbcType=CHAR},
      </if>
      <if test="projectId != null" >
        #{projectId,jdbcType=CHAR},
      </if>
      <if test="designedinfo != null" >
        #{designedinfo,jdbcType=VARCHAR},
      </if>
      <if test="people != null" >
        #{people,jdbcType=VARCHAR},
      </if>
      <if test="remark != null" >
        #{remark,jdbcType=VARCHAR},
      </if>
      <if test="ctime != null" >
        #{ctime,jdbcType=CHAR},
      </if>
    </trim>
  </insert>
  <select id="countByExample" parameterType="com.gmadong.modules.designedinfo.DesignedinfoExample" resultType="java.lang.Integer" >
    select count(*) from designedinfo
    <if test="_parameter != null" >
      <include refid="Example_Where_Clause" />
    </if>
  </select>
  <update id="updateByExampleSelective" parameterType="map" >
    update designedinfo
    <set >
      <if test="record.id != null" >
        ID = #{record.id,jdbcType=CHAR},
      </if>
      <if test="record.staffId != null" >
        staff_id = #{record.staffId,jdbcType=CHAR},
      </if>
      <if test="record.projectId != null" >
        project_id = #{record.projectId,jdbcType=CHAR},
      </if>
      <if test="record.designedinfo != null" >
        designedinfo = #{record.designedinfo,jdbcType=VARCHAR},
      </if>
      <if test="record.people != null" >
        people = #{record.people,jdbcType=VARCHAR},
      </if>
      <if test="record.remark != null" >
        remark = #{record.remark,jdbcType=VARCHAR},
      </if>
      <if test="record.ctime != null" >
        ctime = #{record.ctime,jdbcType=CHAR},
      </if>
    </set>
    <if test="_parameter != null" >
      <include refid="Update_By_Example_Where_Clause" />
    </if>
  </update>
  <update id="updateByExample" parameterType="map" >
    update designedinfo
    set ID = #{record.id,jdbcType=CHAR},
      staff_id = #{record.staffId,jdbcType=CHAR},
      project_id = #{record.projectId,jdbcType=CHAR},
      designedinfo = #{record.designedinfo,jdbcType=VARCHAR},
      people = #{record.people,jdbcType=VARCHAR},
      remark = #{record.remark,jdbcType=VARCHAR},
      ctime = #{record.ctime,jdbcType=CHAR}
    <if test="_parameter != null" >
      <include refid="Update_By_Example_Where_Clause" />
    </if>
  </update>
  <update id="updateByPrimaryKeySelective" parameterType="com.gmadong.modules.designedinfo.Designedinfo" >
    update designedinfo
    <set >
      <if test="staffId != null" >
        staff_id = #{staffId,jdbcType=CHAR},
      </if>
      <if test="projectId != null" >
        project_id = #{projectId,jdbcType=CHAR},
      </if>
      <if test="designedinfo != null" >
        designedinfo = #{designedinfo,jdbcType=VARCHAR},
      </if>
      <if test="people != null" >
        people = #{people,jdbcType=VARCHAR},
      </if>
      <if test="remark != null" >
        remark = #{remark,jdbcType=VARCHAR},
      </if>
      <if test="ctime != null" >
        ctime = #{ctime,jdbcType=CHAR},
      </if>
    </set>
    where ID = #{id,jdbcType=CHAR}
  </update>
  <update id="updateByPrimaryKey" parameterType="com.gmadong.modules.designedinfo.Designedinfo" >
    update designedinfo
    set staff_id = #{staffId,jdbcType=CHAR},
      project_id = #{projectId,jdbcType=CHAR},
      designedinfo = #{designedinfo,jdbcType=VARCHAR},
      people = #{people,jdbcType=VARCHAR},
      remark = #{remark,jdbcType=VARCHAR},
      ctime = #{ctime,jdbcType=CHAR}
    where ID = #{id,jdbcType=CHAR}
  </update>
  
  <!--个人新增 -->
    <select id="selectByUserId" resultMap="DesignedInfoVOMap" resultType="java.lang.String" >
	   SELECT
		t3.ID,
		t1.projects_name,
		t2.designedinfo,
		t2.people,
		t2.remark
	FROM
		project_designeds AS t1,
		designedinfo AS t2,
		biddinginfo AS t3
	WHERE
		t1.ID = t2.project_id
	AND t1.biddinginfo_id = t3.id
	AND t1.user_id = #{id,jdbcType=CHAR}
	order by t2.ctime desc
  </select>
</mapper>