<?xml version="1.0" encoding="UTF-8" ?>
<!DOCTYPE mapper PUBLIC "-//mybatis.org//DTD Mapper 3.0//EN" "http://mybatis.org/dtd/mybatis-3-mapper.dtd" >
<mapper namespace="com.gmadong.modules.biddinginfo.BiddinginfoMapper" >
  <resultMap id="BaseResultMap" type="com.gmadong.modules.biddinginfo.Biddinginfo" >
    <id column="ID" property="id" jdbcType="CHAR" />
    <result column="user_id" property="userId" jdbcType="CHAR" />
    <result column="project_name" property="projectName" jdbcType="VARCHAR" />
    <result column="project_code" property="projectCode" jdbcType="VARCHAR" />
    <result column="project_type" property="projectType" jdbcType="VARCHAR" />
    <result column="province" property="province" jdbcType="CHAR" />
    <result column="city" property="city" jdbcType="CHAR" />
    <result column="county" property="county" jdbcType="CHAR" />
    <result column="industry_one" property="industryOne" jdbcType="VARCHAR" />
    <result column="industry_two" property="industryTwo" jdbcType="VARCHAR" />
    <result column="industry_three" property="industryThree" jdbcType="VARCHAR" />
    <result column="deadline" property="deadline" jdbcType="CHAR" />
    <result column="issuer" property="issuer" jdbcType="VARCHAR" />
    <result column="issuer_phone" property="issuerPhone" jdbcType="VARCHAR" />
    <result column="upload_attachment" property="uploadAttachment" jdbcType="CHAR" />
    <result column="state" property="state" jdbcType="CHAR" />
    <result column="ctime" property="ctime" jdbcType="CHAR" />
  </resultMap>
  <resultMap id="ResultMapWithBLOBs" type="com.gmadong.modules.biddinginfo.Biddinginfo" extends="BaseResultMap" >
    <result column="content" property="content" jdbcType="LONGVARCHAR" />
  </resultMap>
  <sql id="Example_Where_Clause" >
    <where >
      <foreach collection="oredCriteria" item="criteria" separator="or" >
        <if test="criteria.valid" >
          <trim prefix="(" suffix=")" prefixOverrides="and" >
            <foreach collection="criteria.criteria" item="criterion" >
              <choose >
                <when test="criterion.noValue" >
                  and ${criterion.condition}
                </when>
                <when test="criterion.singleValue" >
                  and ${criterion.condition} #{criterion.value}
                </when>
                <when test="criterion.betweenValue" >
                  and ${criterion.condition} #{criterion.value} and #{criterion.secondValue}
                </when>
                <when test="criterion.listValue" >
                  and ${criterion.condition}
                  <foreach collection="criterion.value" item="listItem" open="(" close=")" separator="," >
                    #{listItem}
                  </foreach>
                </when>
              </choose>
            </foreach>
          </trim>
        </if>
      </foreach>
    </where>
  </sql>
  <sql id="Update_By_Example_Where_Clause" >
    <where >
      <foreach collection="example.oredCriteria" item="criteria" separator="or" >
        <if test="criteria.valid" >
          <trim prefix="(" suffix=")" prefixOverrides="and" >
            <foreach collection="criteria.criteria" item="criterion" >
              <choose >
                <when test="criterion.noValue" >
                  and ${criterion.condition}
                </when>
                <when test="criterion.singleValue" >
                  and ${criterion.condition} #{criterion.value}
                </when>
                <when test="criterion.betweenValue" >
                  and ${criterion.condition} #{criterion.value} and #{criterion.secondValue}
                </when>
                <when test="criterion.listValue" >
                  and ${criterion.condition}
                  <foreach collection="criterion.value" item="listItem" open="(" close=")" separator="," >
                    #{listItem}
                  </foreach>
                </when>
              </choose>
            </foreach>
          </trim>
        </if>
      </foreach>
    </where>
  </sql>
  <sql id="Base_Column_List" >
    ID, user_id, project_name, project_code, project_type, province, city, county, industry_one, 
    industry_two, industry_three, deadline, issuer, issuer_phone, upload_attachment, 
    state, ctime
  </sql>
  <sql id="Blob_Column_List" >
    content
  </sql>
  <select id="selectByExampleWithBLOBs" resultMap="ResultMapWithBLOBs" parameterType="com.gmadong.modules.biddinginfo.BiddinginfoExample" >
    select
    <if test="distinct" >
      distinct
    </if>
    <include refid="Base_Column_List" />
    ,
    <include refid="Blob_Column_List" />
    from biddinginfo
    <if test="_parameter != null" >
      <include refid="Example_Where_Clause" />
    </if>
    <if test="orderByClause != null" >
      order by ${orderByClause}
    </if>
  </select>
  <select id="selectByExample" resultMap="BaseResultMap" parameterType="com.gmadong.modules.biddinginfo.BiddinginfoExample" >
    select
    <if test="distinct" >
      distinct
    </if>
    <include refid="Base_Column_List" />
    from biddinginfo
    <if test="_parameter != null" >
      <include refid="Example_Where_Clause" />
    </if>
    <if test="orderByClause != null" >
      order by ${orderByClause}
    </if>
  </select>
  <select id="selectByPrimaryKey" resultMap="ResultMapWithBLOBs" parameterType="java.lang.String" >
    select 
    <include refid="Base_Column_List" />
    ,
    <include refid="Blob_Column_List" />
    from biddinginfo
    where ID = #{id,jdbcType=CHAR}
  </select>
  <delete id="deleteByPrimaryKey" parameterType="java.lang.String" >
    delete from biddinginfo
    where ID = #{id,jdbcType=CHAR}
  </delete>
  <delete id="deleteByExample" parameterType="com.gmadong.modules.biddinginfo.BiddinginfoExample" >
    delete from biddinginfo
    <if test="_parameter != null" >
      <include refid="Example_Where_Clause" />
    </if>
  </delete>
  <insert id="insert" parameterType="com.gmadong.modules.biddinginfo.Biddinginfo" >
    insert into biddinginfo (ID, user_id, project_name, 
      project_code, project_type, province, 
      city, county, industry_one, 
      industry_two, industry_three, deadline, 
      issuer, issuer_phone, upload_attachment, 
      state, ctime, content
      )
    values (#{id,jdbcType=CHAR}, #{userId,jdbcType=CHAR}, #{projectName,jdbcType=VARCHAR}, 
      #{projectCode,jdbcType=VARCHAR}, #{projectType,jdbcType=VARCHAR}, #{province,jdbcType=CHAR}, 
      #{city,jdbcType=CHAR}, #{county,jdbcType=CHAR}, #{industryOne,jdbcType=VARCHAR}, 
      #{industryTwo,jdbcType=VARCHAR}, #{industryThree,jdbcType=VARCHAR}, #{deadline,jdbcType=CHAR}, 
      #{issuer,jdbcType=VARCHAR}, #{issuerPhone,jdbcType=VARCHAR}, #{uploadAttachment,jdbcType=CHAR}, 
      #{state,jdbcType=CHAR}, #{ctime,jdbcType=CHAR}, #{content,jdbcType=LONGVARCHAR}
      )
  </insert>
  <insert id="insertSelective" parameterType="com.gmadong.modules.biddinginfo.Biddinginfo" >
    insert into biddinginfo
    <trim prefix="(" suffix=")" suffixOverrides="," >
      <if test="id != null" >
        ID,
      </if>
      <if test="userId != null" >
        user_id,
      </if>
      <if test="projectName != null" >
        project_name,
      </if>
      <if test="projectCode != null" >
        project_code,
      </if>
      <if test="projectType != null" >
        project_type,
      </if>
      <if test="province != null" >
        province,
      </if>
      <if test="city != null" >
        city,
      </if>
      <if test="county != null" >
        county,
      </if>
      <if test="industryOne != null" >
        industry_one,
      </if>
      <if test="industryTwo != null" >
        industry_two,
      </if>
      <if test="industryThree != null" >
        industry_three,
      </if>
      <if test="deadline != null" >
        deadline,
      </if>
      <if test="issuer != null" >
        issuer,
      </if>
      <if test="issuerPhone != null" >
        issuer_phone,
      </if>
      <if test="uploadAttachment != null" >
        upload_attachment,
      </if>
      <if test="state != null" >
        state,
      </if>
      <if test="ctime != null" >
        ctime,
      </if>
      <if test="content != null" >
        content,
      </if>
    </trim>
    <trim prefix="values (" suffix=")" suffixOverrides="," >
      <if test="id != null" >
        #{id,jdbcType=CHAR},
      </if>
      <if test="userId != null" >
        #{userId,jdbcType=CHAR},
      </if>
      <if test="projectName != null" >
        #{projectName,jdbcType=VARCHAR},
      </if>
      <if test="projectCode != null" >
        #{projectCode,jdbcType=VARCHAR},
      </if>
      <if test="projectType != null" >
        #{projectType,jdbcType=VARCHAR},
      </if>
      <if test="province != null" >
        #{province,jdbcType=CHAR},
      </if>
      <if test="city != null" >
        #{city,jdbcType=CHAR},
      </if>
      <if test="county != null" >
        #{county,jdbcType=CHAR},
      </if>
      <if test="industryOne != null" >
        #{industryOne,jdbcType=VARCHAR},
      </if>
      <if test="industryTwo != null" >
        #{industryTwo,jdbcType=VARCHAR},
      </if>
      <if test="industryThree != null" >
        #{industryThree,jdbcType=VARCHAR},
      </if>
      <if test="deadline != null" >
        #{deadline,jdbcType=CHAR},
      </if>
      <if test="issuer != null" >
        #{issuer,jdbcType=VARCHAR},
      </if>
      <if test="issuerPhone != null" >
        #{issuerPhone,jdbcType=VARCHAR},
      </if>
      <if test="uploadAttachment != null" >
        #{uploadAttachment,jdbcType=CHAR},
      </if>
      <if test="state != null" >
        #{state,jdbcType=CHAR},
      </if>
      <if test="ctime != null" >
        #{ctime,jdbcType=CHAR},
      </if>
      <if test="content != null" >
        #{content,jdbcType=LONGVARCHAR},
      </if>
    </trim>
  </insert>
  <select id="countByExample" parameterType="com.gmadong.modules.biddinginfo.BiddinginfoExample" resultType="java.lang.Integer" >
    select count(*) from biddinginfo
    <if test="_parameter != null" >
      <include refid="Example_Where_Clause" />
    </if>
  </select>
  <update id="updateByExampleSelective" parameterType="map" >
    update biddinginfo
    <set >
      <if test="record.id != null" >
        ID = #{record.id,jdbcType=CHAR},
      </if>
      <if test="record.userId != null" >
        user_id = #{record.userId,jdbcType=CHAR},
      </if>
      <if test="record.projectName != null" >
        project_name = #{record.projectName,jdbcType=VARCHAR},
      </if>
      <if test="record.projectCode != null" >
        project_code = #{record.projectCode,jdbcType=VARCHAR},
      </if>
      <if test="record.projectType != null" >
        project_type = #{record.projectType,jdbcType=VARCHAR},
      </if>
      <if test="record.province != null" >
        province = #{record.province,jdbcType=CHAR},
      </if>
      <if test="record.city != null" >
        city = #{record.city,jdbcType=CHAR},
      </if>
      <if test="record.county != null" >
        county = #{record.county,jdbcType=CHAR},
      </if>
      <if test="record.industryOne != null" >
        industry_one = #{record.industryOne,jdbcType=VARCHAR},
      </if>
      <if test="record.industryTwo != null" >
        industry_two = #{record.industryTwo,jdbcType=VARCHAR},
      </if>
      <if test="record.industryThree != null" >
        industry_three = #{record.industryThree,jdbcType=VARCHAR},
      </if>
      <if test="record.deadline != null" >
        deadline = #{record.deadline,jdbcType=CHAR},
      </if>
      <if test="record.issuer != null" >
        issuer = #{record.issuer,jdbcType=VARCHAR},
      </if>
      <if test="record.issuerPhone != null" >
        issuer_phone = #{record.issuerPhone,jdbcType=VARCHAR},
      </if>
      <if test="record.uploadAttachment != null" >
        upload_attachment = #{record.uploadAttachment,jdbcType=CHAR},
      </if>
      <if test="record.state != null" >
        state = #{record.state,jdbcType=CHAR},
      </if>
      <if test="record.ctime != null" >
        ctime = #{record.ctime,jdbcType=CHAR},
      </if>
      <if test="record.content != null" >
        content = #{record.content,jdbcType=LONGVARCHAR},
      </if>
    </set>
    <if test="_parameter != null" >
      <include refid="Update_By_Example_Where_Clause" />
    </if>
  </update>
  <update id="updateByExampleWithBLOBs" parameterType="map" >
    update biddinginfo
    set ID = #{record.id,jdbcType=CHAR},
      user_id = #{record.userId,jdbcType=CHAR},
      project_name = #{record.projectName,jdbcType=VARCHAR},
      project_code = #{record.projectCode,jdbcType=VARCHAR},
      project_type = #{record.projectType,jdbcType=VARCHAR},
      province = #{record.province,jdbcType=CHAR},
      city = #{record.city,jdbcType=CHAR},
      county = #{record.county,jdbcType=CHAR},
      industry_one = #{record.industryOne,jdbcType=VARCHAR},
      industry_two = #{record.industryTwo,jdbcType=VARCHAR},
      industry_three = #{record.industryThree,jdbcType=VARCHAR},
      deadline = #{record.deadline,jdbcType=CHAR},
      issuer = #{record.issuer,jdbcType=VARCHAR},
      issuer_phone = #{record.issuerPhone,jdbcType=VARCHAR},
      upload_attachment = #{record.uploadAttachment,jdbcType=CHAR},
      state = #{record.state,jdbcType=CHAR},
      ctime = #{record.ctime,jdbcType=CHAR},
      content = #{record.content,jdbcType=LONGVARCHAR}
    <if test="_parameter != null" >
      <include refid="Update_By_Example_Where_Clause" />
    </if>
  </update>
  <update id="updateByExample" parameterType="map" >
    update biddinginfo
    set ID = #{record.id,jdbcType=CHAR},
      user_id = #{record.userId,jdbcType=CHAR},
      project_name = #{record.projectName,jdbcType=VARCHAR},
      project_code = #{record.projectCode,jdbcType=VARCHAR},
      project_type = #{record.projectType,jdbcType=VARCHAR},
      province = #{record.province,jdbcType=CHAR},
      city = #{record.city,jdbcType=CHAR},
      county = #{record.county,jdbcType=CHAR},
      industry_one = #{record.industryOne,jdbcType=VARCHAR},
      industry_two = #{record.industryTwo,jdbcType=VARCHAR},
      industry_three = #{record.industryThree,jdbcType=VARCHAR},
      deadline = #{record.deadline,jdbcType=CHAR},
      issuer = #{record.issuer,jdbcType=VARCHAR},
      issuer_phone = #{record.issuerPhone,jdbcType=VARCHAR},
      upload_attachment = #{record.uploadAttachment,jdbcType=CHAR},
      state = #{record.state,jdbcType=CHAR},
      ctime = #{record.ctime,jdbcType=CHAR}
    <if test="_parameter != null" >
      <include refid="Update_By_Example_Where_Clause" />
    </if>
  </update>
  <update id="updateByPrimaryKeySelective" parameterType="com.gmadong.modules.biddinginfo.Biddinginfo" >
    update biddinginfo
    <set >
      <if test="userId != null" >
        user_id = #{userId,jdbcType=CHAR},
      </if>
      <if test="projectName != null" >
        project_name = #{projectName,jdbcType=VARCHAR},
      </if>
      <if test="projectCode != null" >
        project_code = #{projectCode,jdbcType=VARCHAR},
      </if>
      <if test="projectType != null" >
        project_type = #{projectType,jdbcType=VARCHAR},
      </if>
      <if test="province != null" >
        province = #{province,jdbcType=CHAR},
      </if>
      <if test="city != null" >
        city = #{city,jdbcType=CHAR},
      </if>
      <if test="county != null" >
        county = #{county,jdbcType=CHAR},
      </if>
      <if test="industryOne != null" >
        industry_one = #{industryOne,jdbcType=VARCHAR},
      </if>
      <if test="industryTwo != null" >
        industry_two = #{industryTwo,jdbcType=VARCHAR},
      </if>
      <if test="industryThree != null" >
        industry_three = #{industryThree,jdbcType=VARCHAR},
      </if>
      <if test="deadline != null" >
        deadline = #{deadline,jdbcType=CHAR},
      </if>
      <if test="issuer != null" >
        issuer = #{issuer,jdbcType=VARCHAR},
      </if>
      <if test="issuerPhone != null" >
        issuer_phone = #{issuerPhone,jdbcType=VARCHAR},
      </if>
      <if test="uploadAttachment != null" >
        upload_attachment = #{uploadAttachment,jdbcType=CHAR},
      </if>
      <if test="state != null" >
        state = #{state,jdbcType=CHAR},
      </if>
      <if test="ctime != null" >
        ctime = #{ctime,jdbcType=CHAR},
      </if>
      <if test="content != null" >
        content = #{content,jdbcType=LONGVARCHAR},
      </if>
    </set>
    where ID = #{id,jdbcType=CHAR}
  </update>
  <update id="updateByPrimaryKeyWithBLOBs" parameterType="com.gmadong.modules.biddinginfo.Biddinginfo" >
    update biddinginfo
    set user_id = #{userId,jdbcType=CHAR},
      project_name = #{projectName,jdbcType=VARCHAR},
      project_code = #{projectCode,jdbcType=VARCHAR},
      project_type = #{projectType,jdbcType=VARCHAR},
      province = #{province,jdbcType=CHAR},
      city = #{city,jdbcType=CHAR},
      county = #{county,jdbcType=CHAR},
      industry_one = #{industryOne,jdbcType=VARCHAR},
      industry_two = #{industryTwo,jdbcType=VARCHAR},
      industry_three = #{industryThree,jdbcType=VARCHAR},
      deadline = #{deadline,jdbcType=CHAR},
      issuer = #{issuer,jdbcType=VARCHAR},
      issuer_phone = #{issuerPhone,jdbcType=VARCHAR},
      upload_attachment = #{uploadAttachment,jdbcType=CHAR},
      state = #{state,jdbcType=CHAR},
      ctime = #{ctime,jdbcType=CHAR},
      content = #{content,jdbcType=LONGVARCHAR}
    where ID = #{id,jdbcType=CHAR}
  </update>
  <update id="updateByPrimaryKey" parameterType="com.gmadong.modules.biddinginfo.Biddinginfo" >
    update biddinginfo
    set user_id = #{userId,jdbcType=CHAR},
      project_name = #{projectName,jdbcType=VARCHAR},
      project_code = #{projectCode,jdbcType=VARCHAR},
      project_type = #{projectType,jdbcType=VARCHAR},
      province = #{province,jdbcType=CHAR},
      city = #{city,jdbcType=CHAR},
      county = #{county,jdbcType=CHAR},
      industry_one = #{industryOne,jdbcType=VARCHAR},
      industry_two = #{industryTwo,jdbcType=VARCHAR},
      industry_three = #{industryThree,jdbcType=VARCHAR},
      deadline = #{deadline,jdbcType=CHAR},
      issuer = #{issuer,jdbcType=VARCHAR},
      issuer_phone = #{issuerPhone,jdbcType=VARCHAR},
      upload_attachment = #{uploadAttachment,jdbcType=CHAR},
      state = #{state,jdbcType=CHAR},
      ctime = #{ctime,jdbcType=CHAR}
    where ID = #{id,jdbcType=CHAR}
  </update>
  
  <!--个人新增-->
    <select id="selectBidingInfoByType" resultMap="BaseResultMap" parameterType="java.lang.String" >
    select id,project_name from biddinginfo where 1=1 
    <if test="projectType != null" >
     and project_type = #{projectType,jdbcType=CHAR}
    </if>
	 and state ='1' order by ctime desc limit 10
  </select>
  <!--SELECT * from biddinginfo WHERE (project_name like '%切头%' or project_name like '%公告%') and (province LIKE '福建%') and project_type in ('商业项目','项目');    -->
  <select id="selectBidingByParamsInfo" resultType="com.gmadong.modules.biddinginfo.BidsInfo" parameterType="com.gmadong.modules.biddinginfo.BidsParamsInfo" >
    select
    ID as id ,project_type as projectType,project_name as projectName, province, city, ctime
    
    from biddinginfo 
    <where>
    	<if test="time != null">
    		ctime > '${time}'
    	</if>
    	<if test="types !=null">
    		and project_type in (
    		 <foreach collection="types" item="t" separator="," >  
		   		  '${t}'
		 	 </foreach> 
		 	 )	
    	</if>
    	<if test="provinces !=null">
    		and  (
    		 <foreach collection="provinces" item="p" separator="OR" >  
		   		 province LIKE '${p}%'
		 	 </foreach> 
		 	 ) 
    	</if>
    	<if test="keys !=null">
    		and  (
    		 <foreach collection="keys" item="item" separator="OR" >  
		   		 project_name LIKE '%${item}%'
		 	 </foreach> 
		 	 ) 
    	</if>
    </where>
    
    order by time desc
 
</select>
  
</mapper>