<?xml version="1.0" encoding="UTF-8" ?>
<!DOCTYPE mapper PUBLIC "-//mybatis.org//DTD Mapper 3.0//EN" "http://mybatis.org/dtd/mybatis-3-mapper.dtd" >
<mapper namespace="com.gmadong.modules.columnCategory.ColumnCategoryMapper" >
  <resultMap id="BaseResultMap" type="com.gmadong.modules.columnCategory.ColumnCategory" >
    <id column="ID" property="id" jdbcType="CHAR" />
    <result column="p_ID" property="pId" jdbcType="CHAR" />
    <result column="url" property="url" jdbcType="VARCHAR" />
    <result column="column_name" property="columnName" jdbcType="VARCHAR" />
    <result column="sort_index" property="sortIndex" jdbcType="INTEGER" />
    <result column="ctime" property="ctime" jdbcType="CHAR" />
  </resultMap>
  <sql id="Example_Where_Clause" >
    <where >
      <foreach collection="oredCriteria" item="criteria" separator="or" >
        <if test="criteria.valid" >
          <trim prefix="(" suffix=")" prefixOverrides="and" >
            <foreach collection="criteria.criteria" item="criterion" >
              <choose >
                <when test="criterion.noValue" >
                  and ${criterion.condition}
                </when>
                <when test="criterion.singleValue" >
                  and ${criterion.condition} #{criterion.value}
                </when>
                <when test="criterion.betweenValue" >
                  and ${criterion.condition} #{criterion.value} and #{criterion.secondValue}
                </when>
                <when test="criterion.listValue" >
                  and ${criterion.condition}
                  <foreach collection="criterion.value" item="listItem" open="(" close=")" separator="," >
                    #{listItem}
                  </foreach>
                </when>
              </choose>
            </foreach>
          </trim>
        </if>
      </foreach>
    </where>
  </sql>
  <sql id="Update_By_Example_Where_Clause" >
    <where >
      <foreach collection="example.oredCriteria" item="criteria" separator="or" >
        <if test="criteria.valid" >
          <trim prefix="(" suffix=")" prefixOverrides="and" >
            <foreach collection="criteria.criteria" item="criterion" >
              <choose >
                <when test="criterion.noValue" >
                  and ${criterion.condition}
                </when>
                <when test="criterion.singleValue" >
                  and ${criterion.condition} #{criterion.value}
                </when>
                <when test="criterion.betweenValue" >
                  and ${criterion.condition} #{criterion.value} and #{criterion.secondValue}
                </when>
                <when test="criterion.listValue" >
                  and ${criterion.condition}
                  <foreach collection="criterion.value" item="listItem" open="(" close=")" separator="," >
                    #{listItem}
                  </foreach>
                </when>
              </choose>
            </foreach>
          </trim>
        </if>
      </foreach>
    </where>
  </sql>
  <sql id="Base_Column_List" >
    ID, p_ID, url, column_name, sort_index, ctime
  </sql>
  <select id="selectByExample" resultMap="BaseResultMap" parameterType="com.gmadong.modules.columnCategory.ColumnCategoryExample" >
    select
    <if test="distinct" >
      distinct
    </if>
    <include refid="Base_Column_List" />
    from column_category
    <if test="_parameter != null" >
      <include refid="Example_Where_Clause" />
    </if>
    <if test="orderByClause != null" >
      order by ${orderByClause}
    </if>
  </select>
  <select id="selectByPrimaryKey" resultMap="BaseResultMap" parameterType="java.lang.String" >
    select 
    <include refid="Base_Column_List" />
    from column_category
    where ID = #{id,jdbcType=CHAR}
  </select>
  <delete id="deleteByPrimaryKey" parameterType="java.lang.String" >
    delete from column_category
    where ID = #{id,jdbcType=CHAR}
  </delete>
  <delete id="deleteByExample" parameterType="com.gmadong.modules.columnCategory.ColumnCategoryExample" >
    delete from column_category
    <if test="_parameter != null" >
      <include refid="Example_Where_Clause" />
    </if>
  </delete>
  <insert id="insert" parameterType="com.gmadong.modules.columnCategory.ColumnCategory" >
    insert into column_category (ID, p_ID, url, column_name, 
      sort_index, ctime)
    values (#{id,jdbcType=CHAR}, #{pId,jdbcType=CHAR}, #{url,jdbcType=VARCHAR}, #{columnName,jdbcType=VARCHAR}, 
      #{sortIndex,jdbcType=INTEGER}, #{ctime,jdbcType=CHAR})
  </insert>
  <insert id="insertSelective" parameterType="com.gmadong.modules.columnCategory.ColumnCategory" >
    insert into column_category
    <trim prefix="(" suffix=")" suffixOverrides="," >
      <if test="id != null" >
        ID,
      </if>
      <if test="pId != null" >
        p_ID,
      </if>
      <if test="url != null" >
        url,
      </if>
      <if test="columnName != null" >
        column_name,
      </if>
      <if test="sortIndex != null" >
        sort_index,
      </if>
      <if test="ctime != null" >
        ctime,
      </if>
    </trim>
    <trim prefix="values (" suffix=")" suffixOverrides="," >
      <if test="id != null" >
        #{id,jdbcType=CHAR},
      </if>
      <if test="pId != null" >
        #{pId,jdbcType=CHAR},
      </if>
      <if test="url != null" >
        #{url,jdbcType=VARCHAR},
      </if>
      <if test="columnName != null" >
        #{columnName,jdbcType=VARCHAR},
      </if>
      <if test="sortIndex != null" >
        #{sortIndex,jdbcType=INTEGER},
      </if>
      <if test="ctime != null" >
        #{ctime,jdbcType=CHAR},
      </if>
    </trim>
  </insert>
  <select id="countByExample" parameterType="com.gmadong.modules.columnCategory.ColumnCategoryExample" resultType="java.lang.Integer" >
    select count(*) from column_category
    <if test="_parameter != null" >
      <include refid="Example_Where_Clause" />
    </if>
  </select>
  <update id="updateByExampleSelective" parameterType="map" >
    update column_category
    <set >
      <if test="record.id != null" >
        ID = #{record.id,jdbcType=CHAR},
      </if>
      <if test="record.pId != null" >
        p_ID = #{record.pId,jdbcType=CHAR},
      </if>
      <if test="record.url != null" >
        url = #{record.url,jdbcType=VARCHAR},
      </if>
      <if test="record.columnName != null" >
        column_name = #{record.columnName,jdbcType=VARCHAR},
      </if>
      <if test="record.sortIndex != null" >
        sort_index = #{record.sortIndex,jdbcType=INTEGER},
      </if>
      <if test="record.ctime != null" >
        ctime = #{record.ctime,jdbcType=CHAR},
      </if>
    </set>
    <if test="_parameter != null" >
      <include refid="Update_By_Example_Where_Clause" />
    </if>
  </update>
  <update id="updateByExample" parameterType="map" >
    update column_category
    set ID = #{record.id,jdbcType=CHAR},
      p_ID = #{record.pId,jdbcType=CHAR},
      url = #{record.url,jdbcType=VARCHAR},
      column_name = #{record.columnName,jdbcType=VARCHAR},
      sort_index = #{record.sortIndex,jdbcType=INTEGER},
      ctime = #{record.ctime,jdbcType=CHAR}
    <if test="_parameter != null" >
      <include refid="Update_By_Example_Where_Clause" />
    </if>
  </update>
  <update id="updateByPrimaryKeySelective" parameterType="com.gmadong.modules.columnCategory.ColumnCategory" >
    update column_category
    <set >
      <if test="pId != null" >
        p_ID = #{pId,jdbcType=CHAR},
      </if>
      <if test="url != null" >
        url = #{url,jdbcType=VARCHAR},
      </if>
      <if test="columnName != null" >
        column_name = #{columnName,jdbcType=VARCHAR},
      </if>
      <if test="sortIndex != null" >
        sort_index = #{sortIndex,jdbcType=INTEGER},
      </if>
      <if test="ctime != null" >
        ctime = #{ctime,jdbcType=CHAR},
      </if>
    </set>
    where ID = #{id,jdbcType=CHAR}
  </update>
  <update id="updateByPrimaryKey" parameterType="com.gmadong.modules.columnCategory.ColumnCategory" >
    update column_category
    set p_ID = #{pId,jdbcType=CHAR},
      url = #{url,jdbcType=VARCHAR},
      column_name = #{columnName,jdbcType=VARCHAR},
      sort_index = #{sortIndex,jdbcType=INTEGER},
      ctime = #{ctime,jdbcType=CHAR}
    where ID = #{id,jdbcType=CHAR}
  </update>
  <!--  自己添加的 -->
  <select id="selectAll" resultMap="BaseResultMap" >
  		select 
	    <include refid="Base_Column_List" />
	    from column_category  ORDER BY p_ID,sort_index
  </select>
  
  
</mapper>