<?xml version="1.0" encoding="UTF-8" ?>
<!DOCTYPE mapper PUBLIC "-//mybatis.org//DTD Mapper 3.0//EN" "http://mybatis.org/dtd/mybatis-3-mapper.dtd" >
<mapper namespace="com.gmadong.modules.city.SysCityMapper" >
  <resultMap id="BaseResultMap" type="com.gmadong.modules.city.SysCity" >
    <result column="ID" property="id" jdbcType="INTEGER" />
    <result column="parent_ID" property="parentId" jdbcType="INTEGER" />
    <result column="region_name" property="regionName" jdbcType="VARCHAR" />
    <result column="first_letter" property="firstLetter" jdbcType="VARCHAR" />
    <result column="pin_yin" property="pinYin" jdbcType="VARCHAR" />
  </resultMap>
  
  <resultMap id="BaseMinResultMap" type="com.gmadong.modules.city.CityMinInfo" >
   <result column="ID" property="id" jdbcType="INTEGER" />
    <result column="region_name" property="regionName" jdbcType="VARCHAR" />
  </resultMap>
  
  <resultMap id="idOrNameResultMap" type="java.util.Map" >
    <result column="ID" property="id" jdbcType="INTEGER" />
    <result column="parent_ID" property="parentId" jdbcType="INTEGER" />
    <result column="region_name" property="regionName" jdbcType="VARCHAR" />
    <result column="first_letter" property="firstLetter" jdbcType="VARCHAR" />
    <result column="pin_yin" property="pinYin" jdbcType="VARCHAR" />
  </resultMap>
  <sql id="Example_Where_Clause" >
    <where >
      <foreach collection="oredCriteria" item="criteria" separator="or" >
        <if test="criteria.valid" >
          <trim prefix="(" suffix=")" prefixOverrides="and" >
            <foreach collection="criteria.criteria" item="criterion" >
              <choose >
                <when test="criterion.noValue" >
                  and ${criterion.condition}
                </when>
                <when test="criterion.singleValue" >
                  and ${criterion.condition} #{criterion.value}
                </when>
                <when test="criterion.betweenValue" >
                  and ${criterion.condition} #{criterion.value} and #{criterion.secondValue}
                </when>
                <when test="criterion.listValue" >
                  and ${criterion.condition}
                  <foreach collection="criterion.value" item="listItem" open="(" close=")" separator="," >
                    #{listItem}
                  </foreach>
                </when>
              </choose>
            </foreach>
          </trim>
        </if>
      </foreach>
    </where>
  </sql>
  <sql id="Update_By_Example_Where_Clause" >
    <where >
      <foreach collection="example.oredCriteria" item="criteria" separator="or" >
        <if test="criteria.valid" >
          <trim prefix="(" suffix=")" prefixOverrides="and" >
            <foreach collection="criteria.criteria" item="criterion" >
              <choose >
                <when test="criterion.noValue" >
                  and ${criterion.condition}
                </when>
                <when test="criterion.singleValue" >
                  and ${criterion.condition} #{criterion.value}
                </when>
                <when test="criterion.betweenValue" >
                  and ${criterion.condition} #{criterion.value} and #{criterion.secondValue}
                </when>
                <when test="criterion.listValue" >
                  and ${criterion.condition}
                  <foreach collection="criterion.value" item="listItem" open="(" close=")" separator="," >
                    #{listItem}
                  </foreach>
                </when>
              </choose>
            </foreach>
          </trim>
        </if>
      </foreach>
    </where>
  </sql>
  <sql id="Base_Column_List" >
    ID, parent_ID, region_name, first_letter, pin_yin
  </sql>
  <select id="selectByExample" resultMap="BaseResultMap" parameterType="com.gmadong.modules.city.SysCityExample" >
    select
    <if test="distinct" >
      distinct
    </if>
    <include refid="Base_Column_List" />
    from sys_city
    <if test="_parameter != null" >
      <include refid="Example_Where_Clause" />
    </if>
    <if test="orderByClause != null" >
      order by ${orderByClause}
    </if>
  </select>
  <delete id="deleteByExample" parameterType="com.gmadong.modules.city.SysCityExample" >
    delete from sys_city
    <if test="_parameter != null" >
      <include refid="Example_Where_Clause" />
    </if>
  </delete>
  <insert id="insert" parameterType="com.gmadong.modules.city.SysCity" >
    insert into sys_city (ID, parent_ID, region_name, 
      first_letter, pin_yin)
    values (#{id,jdbcType=INTEGER}, #{parentId,jdbcType=INTEGER}, #{regionName,jdbcType=VARCHAR}, 
      #{firstLetter,jdbcType=VARCHAR}, #{pinYin,jdbcType=VARCHAR})
  </insert>
  <insert id="insertSelective" parameterType="com.gmadong.modules.city.SysCity" >
    insert into sys_city
    <trim prefix="(" suffix=")" suffixOverrides="," >
      <if test="id != null" >
        ID,
      </if>
      <if test="parentId != null" >
        parent_ID,
      </if>
      <if test="regionName != null" >
        region_name,
      </if>
      <if test="firstLetter != null" >
        first_letter,
      </if>
      <if test="pinYin != null" >
        pin_yin,
      </if>
    </trim>
    <trim prefix="values (" suffix=")" suffixOverrides="," >
      <if test="id != null" >
        #{id,jdbcType=INTEGER},
      </if>
      <if test="parentId != null" >
        #{parentId,jdbcType=INTEGER},
      </if>
      <if test="regionName != null" >
        #{regionName,jdbcType=VARCHAR},
      </if>
      <if test="firstLetter != null" >
        #{firstLetter,jdbcType=VARCHAR},
      </if>
      <if test="pinYin != null" >
        #{pinYin,jdbcType=VARCHAR},
      </if>
    </trim>
  </insert>
  <select id="countByExample" parameterType="com.gmadong.modules.city.SysCityExample" resultType="java.lang.Integer" >
    select count(*) from sys_city
    <if test="_parameter != null" >
      <include refid="Example_Where_Clause" />
    </if>
  </select>
  <update id="updateByExampleSelective" parameterType="map" >
    update sys_city
    <set >
      <if test="record.id != null" >
        ID = #{record.id,jdbcType=INTEGER},
      </if>
      <if test="record.parentId != null" >
        parent_ID = #{record.parentId,jdbcType=INTEGER},
      </if>
      <if test="record.regionName != null" >
        region_name = #{record.regionName,jdbcType=VARCHAR},
      </if>
      <if test="record.firstLetter != null" >
        first_letter = #{record.firstLetter,jdbcType=VARCHAR},
      </if>
      <if test="record.pinYin != null" >
        pin_yin = #{record.pinYin,jdbcType=VARCHAR},
      </if>
    </set>
    <if test="_parameter != null" >
      <include refid="Update_By_Example_Where_Clause" />
    </if>
  </update>
  <update id="updateByExample" parameterType="map" >
    update sys_city
    set ID = #{record.id,jdbcType=INTEGER},
      parent_ID = #{record.parentId,jdbcType=INTEGER},
      region_name = #{record.regionName,jdbcType=VARCHAR},
      first_letter = #{record.firstLetter,jdbcType=VARCHAR},
      pin_yin = #{record.pinYin,jdbcType=VARCHAR}
    <if test="_parameter != null" >
      <include refid="Update_By_Example_Where_Clause" />
    </if>
  </update>
  
  <!-- 自己加的 -->
  <select id="selectIdOrNamesByExample" resultMap="BaseMinResultMap" parameterType="com.gmadong.modules.city.SysCityExample" >
    select
    <if test="distinct" >
      distinct
    </if>
    <include refid="Base_Column_List" />
    from sys_city
    <if test="_parameter != null" >
      <include refid="Example_Where_Clause" />
    </if>
    <if test="orderByClause != null" >
      order by ${orderByClause}
    </if>
  </select>
  
    <select id="selectByPrimaryKey" resultMap="BaseResultMap" parameterType="java.lang.String" >
    select 
    <include refid="Base_Column_List" />
    from sys_city
    where ID = #{id,jdbcType=CHAR}
  </select>
  
</mapper>