<?xml version="1.0" encoding="UTF-8" ?>
<!DOCTYPE mapper PUBLIC "-//mybatis.org//DTD Mapper 3.0//EN" "http://mybatis.org/dtd/mybatis-3-mapper.dtd" >
<mapper namespace="com.gmadong.modules.systemInfo.SystemInfoMapper" >
  <resultMap id="BaseResultMap" type="com.gmadong.modules.systemInfo.SystemInfo" >
    <id column="ID" property="id" jdbcType="CHAR" />
    <result column="company_name" property="companyName" jdbcType="VARCHAR" />
    <result column="company_phone" property="companyPhone" jdbcType="VARCHAR" />
    <result column="company_site" property="companySite" jdbcType="VARCHAR" />
    <result column="service_phone" property="servicePhone" jdbcType="VARCHAR" />
    <result column="url" property="url" jdbcType="VARCHAR" />
    <result column="fax" property="fax" jdbcType="VARCHAR" />
    <result column="postcode" property="postcode" jdbcType="CHAR" />
    <result column="keywords" property="keywords" jdbcType="VARCHAR" />
    <result column="description" property="description" jdbcType="VARCHAR" />
    <result column="app_picture" property="appPicture" jdbcType="VARCHAR" />
    <result column="official_account_picture" property="officialAccountPicture" jdbcType="VARCHAR" />
    <result column="copyright_all" property="copyrightAll" jdbcType="VARCHAR" />
    <result column="ctime" property="ctime" jdbcType="CHAR" />
  </resultMap>
  <sql id="Example_Where_Clause" >
    <where >
      <foreach collection="oredCriteria" item="criteria" separator="or" >
        <if test="criteria.valid" >
          <trim prefix="(" suffix=")" prefixOverrides="and" >
            <foreach collection="criteria.criteria" item="criterion" >
              <choose >
                <when test="criterion.noValue" >
                  and ${criterion.condition}
                </when>
                <when test="criterion.singleValue" >
                  and ${criterion.condition} #{criterion.value}
                </when>
                <when test="criterion.betweenValue" >
                  and ${criterion.condition} #{criterion.value} and #{criterion.secondValue}
                </when>
                <when test="criterion.listValue" >
                  and ${criterion.condition}
                  <foreach collection="criterion.value" item="listItem" open="(" close=")" separator="," >
                    #{listItem}
                  </foreach>
                </when>
              </choose>
            </foreach>
          </trim>
        </if>
      </foreach>
    </where>
  </sql>
  <sql id="Update_By_Example_Where_Clause" >
    <where >
      <foreach collection="example.oredCriteria" item="criteria" separator="or" >
        <if test="criteria.valid" >
          <trim prefix="(" suffix=")" prefixOverrides="and" >
            <foreach collection="criteria.criteria" item="criterion" >
              <choose >
                <when test="criterion.noValue" >
                  and ${criterion.condition}
                </when>
                <when test="criterion.singleValue" >
                  and ${criterion.condition} #{criterion.value}
                </when>
                <when test="criterion.betweenValue" >
                  and ${criterion.condition} #{criterion.value} and #{criterion.secondValue}
                </when>
                <when test="criterion.listValue" >
                  and ${criterion.condition}
                  <foreach collection="criterion.value" item="listItem" open="(" close=")" separator="," >
                    #{listItem}
                  </foreach>
                </when>
              </choose>
            </foreach>
          </trim>
        </if>
      </foreach>
    </where>
  </sql>
  <sql id="Base_Column_List" >
    ID, company_name, company_phone, company_site, service_phone, url, fax, postcode, 
    keywords, description, app_picture, official_account_picture, copyright_all, ctime
  </sql>
  <select id="selectByExample" resultMap="BaseResultMap" parameterType="com.gmadong.modules.systemInfo.SystemInfoExample" >
    select
    <if test="distinct" >
      distinct
    </if>
    <include refid="Base_Column_List" />
    from system_info
    <if test="_parameter != null" >
      <include refid="Example_Where_Clause" />
    </if>
    <if test="orderByClause != null" >
      order by ${orderByClause}
    </if>
  </select>
  <select id="selectByPrimaryKey" resultMap="BaseResultMap" parameterType="java.lang.String" >
    select 
    <include refid="Base_Column_List" />
    from system_info
    where ID = #{id,jdbcType=CHAR}
  </select>
  <delete id="deleteByPrimaryKey" parameterType="java.lang.String" >
    delete from system_info
    where ID = #{id,jdbcType=CHAR}
  </delete>
  <delete id="deleteByExample" parameterType="com.gmadong.modules.systemInfo.SystemInfoExample" >
    delete from system_info
    <if test="_parameter != null" >
      <include refid="Example_Where_Clause" />
    </if>
  </delete>
  <insert id="insert" parameterType="com.gmadong.modules.systemInfo.SystemInfo" >
    insert into system_info (ID, company_name, company_phone, 
      company_site, service_phone, url, 
      fax, postcode, keywords, 
      description, app_picture, official_account_picture, 
      copyright_all, ctime)
    values (#{id,jdbcType=CHAR}, #{companyName,jdbcType=VARCHAR}, #{companyPhone,jdbcType=VARCHAR}, 
      #{companySite,jdbcType=VARCHAR}, #{servicePhone,jdbcType=VARCHAR}, #{url,jdbcType=VARCHAR}, 
      #{fax,jdbcType=VARCHAR}, #{postcode,jdbcType=CHAR}, #{keywords,jdbcType=VARCHAR}, 
      #{description,jdbcType=VARCHAR}, #{appPicture,jdbcType=VARCHAR}, #{officialAccountPicture,jdbcType=VARCHAR}, 
      #{copyrightAll,jdbcType=VARCHAR}, #{ctime,jdbcType=CHAR})
  </insert>
  <insert id="insertSelective" parameterType="com.gmadong.modules.systemInfo.SystemInfo" >
    insert into system_info
    <trim prefix="(" suffix=")" suffixOverrides="," >
      <if test="id != null" >
        ID,
      </if>
      <if test="companyName != null" >
        company_name,
      </if>
      <if test="companyPhone != null" >
        company_phone,
      </if>
      <if test="companySite != null" >
        company_site,
      </if>
      <if test="servicePhone != null" >
        service_phone,
      </if>
      <if test="url != null" >
        url,
      </if>
      <if test="fax != null" >
        fax,
      </if>
      <if test="postcode != null" >
        postcode,
      </if>
      <if test="keywords != null" >
        keywords,
      </if>
      <if test="description != null" >
        description,
      </if>
      <if test="appPicture != null" >
        app_picture,
      </if>
      <if test="officialAccountPicture != null" >
        official_account_picture,
      </if>
      <if test="copyrightAll != null" >
        copyright_all,
      </if>
      <if test="ctime != null" >
        ctime,
      </if>
    </trim>
    <trim prefix="values (" suffix=")" suffixOverrides="," >
      <if test="id != null" >
        #{id,jdbcType=CHAR},
      </if>
      <if test="companyName != null" >
        #{companyName,jdbcType=VARCHAR},
      </if>
      <if test="companyPhone != null" >
        #{companyPhone,jdbcType=VARCHAR},
      </if>
      <if test="companySite != null" >
        #{companySite,jdbcType=VARCHAR},
      </if>
      <if test="servicePhone != null" >
        #{servicePhone,jdbcType=VARCHAR},
      </if>
      <if test="url != null" >
        #{url,jdbcType=VARCHAR},
      </if>
      <if test="fax != null" >
        #{fax,jdbcType=VARCHAR},
      </if>
      <if test="postcode != null" >
        #{postcode,jdbcType=CHAR},
      </if>
      <if test="keywords != null" >
        #{keywords,jdbcType=VARCHAR},
      </if>
      <if test="description != null" >
        #{description,jdbcType=VARCHAR},
      </if>
      <if test="appPicture != null" >
        #{appPicture,jdbcType=VARCHAR},
      </if>
      <if test="officialAccountPicture != null" >
        #{officialAccountPicture,jdbcType=VARCHAR},
      </if>
      <if test="copyrightAll != null" >
        #{copyrightAll,jdbcType=VARCHAR},
      </if>
      <if test="ctime != null" >
        #{ctime,jdbcType=CHAR},
      </if>
    </trim>
  </insert>
  <select id="countByExample" parameterType="com.gmadong.modules.systemInfo.SystemInfoExample" resultType="java.lang.Integer" >
    select count(*) from system_info
    <if test="_parameter != null" >
      <include refid="Example_Where_Clause" />
    </if>
  </select>
  <update id="updateByExampleSelective" parameterType="map" >
    update system_info
    <set >
      <if test="record.id != null" >
        ID = #{record.id,jdbcType=CHAR},
      </if>
      <if test="record.companyName != null" >
        company_name = #{record.companyName,jdbcType=VARCHAR},
      </if>
      <if test="record.companyPhone != null" >
        company_phone = #{record.companyPhone,jdbcType=VARCHAR},
      </if>
      <if test="record.companySite != null" >
        company_site = #{record.companySite,jdbcType=VARCHAR},
      </if>
      <if test="record.servicePhone != null" >
        service_phone = #{record.servicePhone,jdbcType=VARCHAR},
      </if>
      <if test="record.url != null" >
        url = #{record.url,jdbcType=VARCHAR},
      </if>
      <if test="record.fax != null" >
        fax = #{record.fax,jdbcType=VARCHAR},
      </if>
      <if test="record.postcode != null" >
        postcode = #{record.postcode,jdbcType=CHAR},
      </if>
      <if test="record.keywords != null" >
        keywords = #{record.keywords,jdbcType=VARCHAR},
      </if>
      <if test="record.description != null" >
        description = #{record.description,jdbcType=VARCHAR},
      </if>
      <if test="record.appPicture != null" >
        app_picture = #{record.appPicture,jdbcType=VARCHAR},
      </if>
      <if test="record.officialAccountPicture != null" >
        official_account_picture = #{record.officialAccountPicture,jdbcType=VARCHAR},
      </if>
      <if test="record.copyrightAll != null" >
        copyright_all = #{record.copyrightAll,jdbcType=VARCHAR},
      </if>
      <if test="record.ctime != null" >
        ctime = #{record.ctime,jdbcType=CHAR},
      </if>
    </set>
    <if test="_parameter != null" >
      <include refid="Update_By_Example_Where_Clause" />
    </if>
  </update>
  <update id="updateByExample" parameterType="map" >
    update system_info
    set ID = #{record.id,jdbcType=CHAR},
      company_name = #{record.companyName,jdbcType=VARCHAR},
      company_phone = #{record.companyPhone,jdbcType=VARCHAR},
      company_site = #{record.companySite,jdbcType=VARCHAR},
      service_phone = #{record.servicePhone,jdbcType=VARCHAR},
      url = #{record.url,jdbcType=VARCHAR},
      fax = #{record.fax,jdbcType=VARCHAR},
      postcode = #{record.postcode,jdbcType=CHAR},
      keywords = #{record.keywords,jdbcType=VARCHAR},
      description = #{record.description,jdbcType=VARCHAR},
      app_picture = #{record.appPicture,jdbcType=VARCHAR},
      official_account_picture = #{record.officialAccountPicture,jdbcType=VARCHAR},
      copyright_all = #{record.copyrightAll,jdbcType=VARCHAR},
      ctime = #{record.ctime,jdbcType=CHAR}
    <if test="_parameter != null" >
      <include refid="Update_By_Example_Where_Clause" />
    </if>
  </update>
  <update id="updateByPrimaryKeySelective" parameterType="com.gmadong.modules.systemInfo.SystemInfo" >
    update system_info
    <set >
      <if test="companyName != null" >
        company_name = #{companyName,jdbcType=VARCHAR},
      </if>
      <if test="companyPhone != null" >
        company_phone = #{companyPhone,jdbcType=VARCHAR},
      </if>
      <if test="companySite != null" >
        company_site = #{companySite,jdbcType=VARCHAR},
      </if>
      <if test="servicePhone != null" >
        service_phone = #{servicePhone,jdbcType=VARCHAR},
      </if>
      <if test="url != null" >
        url = #{url,jdbcType=VARCHAR},
      </if>
      <if test="fax != null" >
        fax = #{fax,jdbcType=VARCHAR},
      </if>
      <if test="postcode != null" >
        postcode = #{postcode,jdbcType=CHAR},
      </if>
      <if test="keywords != null" >
        keywords = #{keywords,jdbcType=VARCHAR},
      </if>
      <if test="description != null" >
        description = #{description,jdbcType=VARCHAR},
      </if>
      <if test="appPicture != null" >
        app_picture = #{appPicture,jdbcType=VARCHAR},
      </if>
      <if test="officialAccountPicture != null" >
        official_account_picture = #{officialAccountPicture,jdbcType=VARCHAR},
      </if>
      <if test="copyrightAll != null" >
        copyright_all = #{copyrightAll,jdbcType=VARCHAR},
      </if>
      <if test="ctime != null" >
        ctime = #{ctime,jdbcType=CHAR},
      </if>
    </set>
    where ID = #{id,jdbcType=CHAR}
  </update>
  <update id="updateByPrimaryKey" parameterType="com.gmadong.modules.systemInfo.SystemInfo" >
    update system_info
    set company_name = #{companyName,jdbcType=VARCHAR},
      company_phone = #{companyPhone,jdbcType=VARCHAR},
      company_site = #{companySite,jdbcType=VARCHAR},
      service_phone = #{servicePhone,jdbcType=VARCHAR},
      url = #{url,jdbcType=VARCHAR},
      fax = #{fax,jdbcType=VARCHAR},
      postcode = #{postcode,jdbcType=CHAR},
      keywords = #{keywords,jdbcType=VARCHAR},
      description = #{description,jdbcType=VARCHAR},
      app_picture = #{appPicture,jdbcType=VARCHAR},
      official_account_picture = #{officialAccountPicture,jdbcType=VARCHAR},
      copyright_all = #{copyrightAll,jdbcType=VARCHAR},
      ctime = #{ctime,jdbcType=CHAR}
    where ID = #{id,jdbcType=CHAR}
  </update>
</mapper>