<?xml version="1.0" encoding="UTF-8"?>
<beans xmlns="http://www.springframework.org/schema/beans"
	xmlns:context="http://www.springframework.org/schema/context" xmlns:p="http://www.springframework.org/schema/p"
	xmlns:aop="http://www.springframework.org/schema/aop" xmlns:tx="http://www.springframework.org/schema/tx"
	xmlns:xsi="http://www.w3.org/2001/XMLSchema-instance"
	xsi:schemaLocation="http://www.springframework.org/schema/beans http://www.springframework.org/schema/beans/spring-beans-4.0.xsd
	http://www.springframework.org/schema/context http://www.springframework.org/schema/context/spring-context-4.0.xsd
	http://www.springframework.org/schema/aop http://www.springframework.org/schema/aop/spring-aop-4.0.xsd http://www.springframework.org/schema/tx http://www.springframework.org/schema/tx/spring-tx-4.0.xsd
	http://www.springframework.org/schema/util http://www.springframework.org/schema/util/spring-util-4.0.xsd">

	<!-- 数据库连接池 -->
	<!-- 加载配置文件 -->
	<context:property-placeholder location="classpath:com/gmadong/configs/db.properties" />

	<bean id="dataSource" class="com.alibaba.druid.pool.DruidDataSource"
		init-method="init" destroy-method="close">
		<property name="url" value="${jdbc.url}" />
		<property name="username" value="${jdbc.username}" />
		<property name="password" value="${jdbc.password}" />
		<property name="driverClassName" value="${jdbc.driver}" />
		
		 <!-- 配置初始化大小、最小、最大 -->
	     <property name="initialSize" value="1" />
	     <property name="minIdle" value="1" /> 
	     <property name="maxIdle" value="1" />  
	     <property name="maxActive" value="10" />
	   
	   	 <!-- 配置获取连接等待超时的时间 -->
	      <property name="maxWait" value="60000" />
	   
	     <!--  配置间隔多久才进行一次检测，检测需要关闭的空闲连接，单位是毫秒 -->
	      <property name="timeBetweenEvictionRunsMillis" value="60000" />
	      <!-- 配置一个连接在池中最小生存的时间，单位是毫秒 -->
	      <property name="minEvictableIdleTimeMillis" value="300000" />
	    
	      <property name="validationQuery" value="SELECT 'x'" />
	      <property name="testWhileIdle" value="true" />
	      <property name="testOnBorrow" value="false" />
	   	  <property name="testOnReturn" value="false" />
	   	   <!-- 打开PSCache，并且指定每个连接上PSCache的大小 -->
     	  <property name="poolPreparedStatements" value="false" />
      	  <property name="maxPoolPreparedStatementPerConnectionSize" value="10" />
      	  
	</bean>

	<bean id="bidsDataSource" class="com.alibaba.druid.pool.DruidDataSource"
		init-method="init" destroy-method="close">
		<property name="url" value="${bids.jdbc.url}" />
		<property name="username" value="${bids.jdbc.username}" />
		<property name="password" value="${bids.jdbc.password}" />
		<property name="driverClassName" value="${bids.jdbc.driver}" />
		
		 <!-- 配置初始化大小、最小、最大 -->
	     <property name="initialSize" value="1" />
	     <property name="minIdle" value="1" /> 
	     <property name="maxIdle" value="1" />  
	     <property name="maxActive" value="10" />
	   
	   	 <!-- 配置获取连接等待超时的时间 -->
	      <property name="maxWait" value="60000" />
	   
	     <!--  配置间隔多久才进行一次检测，检测需要关闭的空闲连接，单位是毫秒 -->
	      <property name="timeBetweenEvictionRunsMillis" value="60000" />
	      <!-- 配置一个连接在池中最小生存的时间，单位是毫秒 -->
	      <property name="minEvictableIdleTimeMillis" value="300000" />
	    
	      <property name="validationQuery" value="SELECT 'x'" />
	      <property name="testWhileIdle" value="true" />
	      <property name="testOnBorrow" value="false" />
	   	  <property name="testOnReturn" value="false" />
	   	   <!-- 打开PSCache，并且指定每个连接上PSCache的大小 -->
     	  <property name="poolPreparedStatements" value="false" />
      	  <property name="maxPoolPreparedStatementPerConnectionSize" value="10" /> 
	</bean>

	<!--统一的dataSource-->
	<bean id="dynamicDataSource" class="com.gmadong.common.datasource.DynamicDataSource" >
	    <property name="targetDataSources">
	        <map key-type="java.lang.String">
	            <!--通过不同的key决定用哪个dataSource-->
	            <entry value-ref="dataSource" key="dataSource"></entry>
	            <entry value-ref="bidsDataSource" key="bidsDataSource"></entry>
	        </map>
	    </property>
	    <!--设置默认的dataSource-->
	    <property name="defaultTargetDataSource" ref="dataSource">
	    </property>
	</bean>
	
	<!-- 让spring管理sqlsessionfactory 使用mybatis和spring整合包中的 -->
	<bean id="sqlSessionFactory" class="org.mybatis.spring.SqlSessionFactoryBean">
		<!-- 数据库连接池 -->
		<property name="dataSource" ref="dynamicDataSource" />
		<!-- 加载mybatis的全局配置文件 -->
		<property name="configLocation" value="classpath:com/gmadong/configs/SqlMapConfig.xml" />
	</bean>
	
	<bean class="org.mybatis.spring.mapper.MapperScannerConfigurer">
		<property name="basePackage" value="com.gmadong.modules" />
	</bean>
</beans>
