<?xml version="1.0" encoding="UTF-8"?>
<beans xmlns="http://www.springframework.org/schema/beans"
       xmlns:xsi="http://www.w3.org/2001/XMLSchema-instance" xmlns:mvc="http://www.springframework.org/schema/mvc"
       xmlns:context="http://www.springframework.org/schema/context"
       xmlns:aop="http://www.springframework.org/schema/aop" xmlns:tx="http://www.springframework.org/schema/tx"
       xsi:schemaLocation="http://www.springframework.org/schema/beans
        http://www.springframework.org/schema/beans/spring-beans-3.2.xsd
        http://www.springframework.org/schema/mvc
        http://www.springframework.org/schema/mvc/spring-mvc-3.2.xsd
        http://www.springframework.org/schema/context
        http://www.springframework.org/schema/context/spring-context-3.2.xsd
        http://www.springframework.org/schema/aop
        http://www.springframework.org/schema/aop/spring-aop-3.2.xsd
        http://www.springframework.org/schema/tx
        http://www.springframework.org/schema/tx/spring-tx-3.2.xsd "
       default-lazy-init="true">
       
    <description>Quartz计划任务调度配置</description>
    <!-- 数据分析定时下发工作类 -->
    <bean id="quartzJob" class="com.gmadong.common.quartz.QuartzJob"/>
      <bean id="initJob" class="com.gmadong.common.quartz.InitJob"/>
    <!-- 定义调用对象和调用对象的方法 -->
    <bean id="jobTask" class="org.springframework.scheduling.quartz.MethodInvokingJobDetailFactoryBean">
        <!-- 调用的类 -->
        <property name="targetObject">
            <ref bean="quartzJob"/>
        </property>
        <!-- 调用类中的方法 -->
        <property name="targetMethod">
            <value>work</value>
        </property>
        <property name="concurrent" value="false"/>
    </bean>
      <bean id="initJobDetail"
        class="org.springframework.scheduling.quartz.MethodInvokingJobDetailFactoryBean">
        <property name="targetObject">
            <ref bean="initJob" />
        </property>
        <property name="targetMethod">
            <value>work</value>
        </property>
    </bean>
    <!-- 定义触发时间 -->
    <bean id="jobTaskTrigger" class="org.springframework.scheduling.quartz.CronTriggerFactoryBean">
        <property name="jobDetail">
            <ref bean="jobTask"/>
        </property>
        <!-- cron表达式 -->
        <property name="cronExpression">
           <!-- 每天0点0时0秒执行 -->
           <value>0 0 0 * * ? *</value>
        </property>
    </bean>
    <bean id="startJobTrigger" class="org.springframework.scheduling.quartz.CronTriggerFactoryBean">
        <property name="jobDetail">
            <ref bean="initJobDetail" />
        </property>
        <property name="cronExpression">
            <value>0/10 * * * * ?</value>
        </property>
     </bean>
    
    <!-- 总管理类 如果将lazy-init='false'那么容器启动就会执行调度程序 -->
    <bean id="taskManager" lazy-init="false" autowire="no"
          class="org.springframework.scheduling.quartz.SchedulerFactoryBean">
        <property name="triggers">
            <list>
                <ref bean="jobTaskTrigger"/>
            </list>
        </property>
    </bean>
    
    
     <!-- 配置项目启动后任务就执行一次 -->  
    <bean id="rsh_simpleTrigger" class="org.springframework.scheduling.quartz.SimpleTriggerFactoryBean">  
        <property name="jobDetail" ref="initJobDetail" />  
        <property name="startDelay" value="5000" />  
        <property name="repeatInterval" value="0" />  
        <property name="repeatCount" value="0" />  
    </bean> 
    <!-- 启动触发器的配置开始 -->
    <bean name="startQuertz" lazy-init="false" autowire="no"
        class="org.springframework.scheduling.quartz.SchedulerFactoryBean">
        <property name="triggers">
            <list>
                <ref bean="rsh_simpleTrigger" />
            </list>
        </property>
    </bean> 
</beans>