<beans    xmlns="http://www.springframework.org/schema/beans"
       xmlns:xsi="http://www.w3.org/2001/XMLSchema-instance"
       xmlns:p="http://www.springframework.org/schema/p"
       xmlns:tx="http://www.springframework.org/schema/tx"
       xmlns:context="http://www.springframework.org/schema/context"
       xsi:schemaLocation="
      http://www.springframework.org/schema/beans
      http://www.springframework.org/schema/beans/spring-beans-3.0.xsd
      http://www.springframework.org/schema/tx
      http://www.springframework.org/schema/tx/spring-tx-3.0.xsd
      http://www.springframework.org/schema/context
      http://www.springframework.org/schema/context/spring-context-3.0.xsd">
   

     <!-- 配置redis客户端单机版 -->
	<bean id="jedisPool" class="redis.clients.jedis.JedisPool">
		<constructor-arg name="host" value="127.0.0.1"></constructor-arg>
		<constructor-arg name="port" value="6379"></constructor-arg>
	</bean>
	<!-- 配置redis客户端实现类 -->
	<bean id="jedisClientSingle" class="com.gmadong.common.jedis.JedisClientSingle">
		<property name="jedisPool" ref="jedisPool"></property>
	</bean>
    
</beans> 