<?xml version="1.0" encoding="UTF-8"?>
<beans xmlns="http://www.springframework.org/schema/beans"
	xmlns:context="http://www.springframework.org/schema/context" xmlns:p="http://www.springframework.org/schema/p"
	xmlns:aop="http://www.springframework.org/schema/aop" xmlns:tx="http://www.springframework.org/schema/tx"
	xmlns:xsi="http://www.w3.org/2001/XMLSchema-instance" xmlns:mvc="http://www.springframework.org/schema/mvc"
	xsi:schemaLocation="http://www.springframework.org/schema/beans http://www.springframework.org/schema/beans/spring-beans-4.0.xsd
	http://www.springframework.org/schema/mvc 
	http://www.springframework.org/schema/mvc/spring-mvc-4.0.xsd 
	http://www.springframework.org/schema/context http://www.springframework.org/schema/context/spring-context-4.0.xsd
	http://www.springframework.org/schema/aop http://www.springframework.org/schema/aop/spring-aop-4.0.xsd http://www.springframework.org/schema/tx http://www.springframework.org/schema/tx/spring-tx-4.0.xsd
	http://www.springframework.org/schema/util http://www.springframework.org/schema/util/spring-util-4.0.xsd">


 	<bean id="springContextHelper" class="com.gmadong.common.ApplicationContextUtil"></bean>  
<!-- 配置包扫描器 -->
	<context:component-scan base-package="com.gmadong.modules"></context:component-scan>

	<!-- 开启aop，对类代理 -->
	<!-- <aop:config proxy-target-class="true"></aop:config> -->


    <!-- 定义文件上传解析器 -->
	<bean id="multipartResolver"
		class="com.gmadong.common.multipart.CustomMultipartResolver">
		<!-- 设定默认编码 -->
		<property name="defaultEncoding" value="UTF-8"></property>
		<!-- 设定文件上传的最大值5MB，5*1024*1024 -->
		<property name="maxUploadSize" value="5242880"></property>
	</bean>

	<!-- 配置注解驱动 -->
	<mvc:annotation-driven validator="validator"></mvc:annotation-driven>
	<!-- <mvc:annotation-driven conversion-service="conversionService"
	validator="validator"></mvc:annotation-driven> -->

	<mvc:resources location="/skin/" mapping="/skin/**" />
	<mvc:resources location="/upload/" mapping="/upload/**" />

	<!-- 视图解析器 -->
	
	<bean class="org.springframework.web.servlet.view.InternalResourceViewResolver">
		<property name="prefix" value="/WEB-INF/" />
		<property name="suffix" value=".jsp" />
	</bean>		
   	<!-- 自定义参数绑定 -->
	<!-- <bean id="conversionService" class="org.springframework.format.support.FormattingConversionServiceFactoryBean">
		转换器
		<property name="converters">
			<list>
				日期类型转换
				<bean class="com.gmadong.common.converter.CustomDateConverter"/>
			</list>
		</property>
	</bean> -->
	<!-- 校验器 -->
	<bean id="validator"
		class="org.springframework.validation.beanvalidation.LocalValidatorFactoryBean">
		<!-- hibernate校验器 -->
		<property name="providerClass" value="org.hibernate.validator.HibernateValidator" />
		<!-- 指定校验使用的资源文件，在文件中配置校验错误信息，如果不指定则默认使用classpath下的ValidationMessages.properties -->
		<property name="validationMessageSource" ref="messageSource" />
	</bean>
	<!-- 校验错误信息配置文件 -->
	<bean id="messageSource"
		class="org.springframework.context.support.ReloadableResourceBundleMessageSource">
		<!-- 资源文件名 -->
		<property name="basenames">
			<list>
				<value>classpath:com/gmadong/configs/validationMessages</value>
			</list>
		</property> 
		<!-- 资源文件编码格式 -->
		<property name="fileEncodings" value="utf-8" />
		<!-- 对资源文件内容缓存时间，单位秒 -->
		<property name="cacheSeconds" value="120" />
	</bean>
</beans>