<?xml version="1.0" encoding="UTF-8" ?>
<!DOCTYPE mapper PUBLIC "-//mybatis.org//DTD Mapper 3.0//EN" "http://mybatis.org/dtd/mybatis-3-mapper.dtd" >
<mapper namespace="com.gmadong.modules.replacePicture.ReplacePictureMapper" >
  <resultMap id="BaseResultMap" type="com.gmadong.modules.replacePicture.ReplacePicture" >
    <id column="ID" property="id" jdbcType="CHAR" />
    <result column="number" property="number" jdbcType="VARCHAR" />
    <result column="position" property="position" jdbcType="INTEGER" />
    <result column="url" property="url" jdbcType="VARCHAR" />
    <result column="picture" property="picture" jdbcType="VARCHAR" />
    <result column="ptime" property="ptime" jdbcType="CHAR" />
    <result column="ctime" property="ctime" jdbcType="CHAR" />
  </resultMap>
  <sql id="Example_Where_Clause" >
    <where >
      <foreach collection="oredCriteria" item="criteria" separator="or" >
        <if test="criteria.valid" >
          <trim prefix="(" suffix=")" prefixOverrides="and" >
            <foreach collection="criteria.criteria" item="criterion" >
              <choose >
                <when test="criterion.noValue" >
                  and ${criterion.condition}
                </when>
                <when test="criterion.singleValue" >
                  and ${criterion.condition} #{criterion.value}
                </when>
                <when test="criterion.betweenValue" >
                  and ${criterion.condition} #{criterion.value} and #{criterion.secondValue}
                </when>
                <when test="criterion.listValue" >
                  and ${criterion.condition}
                  <foreach collection="criterion.value" item="listItem" open="(" close=")" separator="," >
                    #{listItem}
                  </foreach>
                </when>
              </choose>
            </foreach>
          </trim>
        </if>
      </foreach>
    </where>
  </sql>
  <sql id="Update_By_Example_Where_Clause" >
    <where >
      <foreach collection="example.oredCriteria" item="criteria" separator="or" >
        <if test="criteria.valid" >
          <trim prefix="(" suffix=")" prefixOverrides="and" >
            <foreach collection="criteria.criteria" item="criterion" >
              <choose >
                <when test="criterion.noValue" >
                  and ${criterion.condition}
                </when>
                <when test="criterion.singleValue" >
                  and ${criterion.condition} #{criterion.value}
                </when>
                <when test="criterion.betweenValue" >
                  and ${criterion.condition} #{criterion.value} and #{criterion.secondValue}
                </when>
                <when test="criterion.listValue" >
                  and ${criterion.condition}
                  <foreach collection="criterion.value" item="listItem" open="(" close=")" separator="," >
                    #{listItem}
                  </foreach>
                </when>
              </choose>
            </foreach>
          </trim>
        </if>
      </foreach>
    </where>
  </sql>
  <sql id="Base_Column_List" >
    ID, number, position, url, picture, ptime, ctime
  </sql>
  <select id="selectByExample" resultMap="BaseResultMap" parameterType="com.gmadong.modules.replacePicture.ReplacePictureExample" >
    select
    <if test="distinct" >
      distinct
    </if>
    <include refid="Base_Column_List" />
    from replace_picture
    <if test="_parameter != null" >
      <include refid="Example_Where_Clause" />
    </if>
    <if test="orderByClause != null" >
      order by ${orderByClause}
    </if>
  </select>
  <select id="selectByPrimaryKey" resultMap="BaseResultMap" parameterType="java.lang.String" >
    select 
    <include refid="Base_Column_List" />
    from replace_picture
    where ID = #{id,jdbcType=CHAR}
  </select>
  <delete id="deleteByPrimaryKey" parameterType="java.lang.String" >
    delete from replace_picture
    where ID = #{id,jdbcType=CHAR}
  </delete>
  <delete id="deleteByExample" parameterType="com.gmadong.modules.replacePicture.ReplacePictureExample" >
    delete from replace_picture
    <if test="_parameter != null" >
      <include refid="Example_Where_Clause" />
    </if>
  </delete>
  <insert id="insert" parameterType="com.gmadong.modules.replacePicture.ReplacePicture" >
    insert into replace_picture (ID, number, position, 
      url, picture, ptime, ctime
      )
    values (#{id,jdbcType=CHAR}, #{number,jdbcType=VARCHAR}, #{position,jdbcType=INTEGER}, 
      #{url,jdbcType=VARCHAR}, #{picture,jdbcType=VARCHAR}, #{ptime,jdbcType=CHAR}, #{ctime,jdbcType=CHAR}
      )
  </insert>
  <insert id="insertSelective" parameterType="com.gmadong.modules.replacePicture.ReplacePicture" >
    insert into replace_picture
    <trim prefix="(" suffix=")" suffixOverrides="," >
      <if test="id != null" >
        ID,
      </if>
      <if test="number != null" >
        number,
      </if>
      <if test="position != null" >
        position,
      </if>
      <if test="url != null" >
        url,
      </if>
      <if test="picture != null" >
        picture,
      </if>
      <if test="ptime != null" >
        ptime,
      </if>
      <if test="ctime != null" >
        ctime,
      </if>
    </trim>
    <trim prefix="values (" suffix=")" suffixOverrides="," >
      <if test="id != null" >
        #{id,jdbcType=CHAR},
      </if>
      <if test="number != null" >
        #{number,jdbcType=VARCHAR},
      </if>
      <if test="position != null" >
        #{position,jdbcType=INTEGER},
      </if>
      <if test="url != null" >
        #{url,jdbcType=VARCHAR},
      </if>
      <if test="picture != null" >
        #{picture,jdbcType=VARCHAR},
      </if>
      <if test="ptime != null" >
        #{ptime,jdbcType=CHAR},
      </if>
      <if test="ctime != null" >
        #{ctime,jdbcType=CHAR},
      </if>
    </trim>
  </insert>
  <select id="countByExample" parameterType="com.gmadong.modules.replacePicture.ReplacePictureExample" resultType="java.lang.Integer" >
    select count(*) from replace_picture
    <if test="_parameter != null" >
      <include refid="Example_Where_Clause" />
    </if>
  </select>
  <update id="updateByExampleSelective" parameterType="map" >
    update replace_picture
    <set >
      <if test="record.id != null" >
        ID = #{record.id,jdbcType=CHAR},
      </if>
      <if test="record.number != null" >
        number = #{record.number,jdbcType=VARCHAR},
      </if>
      <if test="record.position != null" >
        position = #{record.position,jdbcType=INTEGER},
      </if>
      <if test="record.url != null" >
        url = #{record.url,jdbcType=VARCHAR},
      </if>
      <if test="record.picture != null" >
        picture = #{record.picture,jdbcType=VARCHAR},
      </if>
      <if test="record.ptime != null" >
        ptime = #{record.ptime,jdbcType=CHAR},
      </if>
      <if test="record.ctime != null" >
        ctime = #{record.ctime,jdbcType=CHAR},
      </if>
    </set>
    <if test="_parameter != null" >
      <include refid="Update_By_Example_Where_Clause" />
    </if>
  </update>
  <update id="updateByExample" parameterType="map" >
    update replace_picture
    set ID = #{record.id,jdbcType=CHAR},
      number = #{record.number,jdbcType=VARCHAR},
      position = #{record.position,jdbcType=INTEGER},
      url = #{record.url,jdbcType=VARCHAR},
      picture = #{record.picture,jdbcType=VARCHAR},
      ptime = #{record.ptime,jdbcType=CHAR},
      ctime = #{record.ctime,jdbcType=CHAR}
    <if test="_parameter != null" >
      <include refid="Update_By_Example_Where_Clause" />
    </if>
  </update>
  <update id="updateByPrimaryKeySelective" parameterType="com.gmadong.modules.replacePicture.ReplacePicture" >
    update replace_picture
    <set >
      <if test="number != null" >
        number = #{number,jdbcType=VARCHAR},
      </if>
      <if test="position != null" >
        position = #{position,jdbcType=INTEGER},
      </if>
      <if test="url != null" >
        url = #{url,jdbcType=VARCHAR},
      </if>
      <if test="picture != null" >
        picture = #{picture,jdbcType=VARCHAR},
      </if>
      <if test="ptime != null" >
        ptime = #{ptime,jdbcType=CHAR},
      </if>
      <if test="ctime != null" >
        ctime = #{ctime,jdbcType=CHAR},
      </if>
    </set>
    where ID = #{id,jdbcType=CHAR}
  </update>
  <update id="updateByPrimaryKey" parameterType="com.gmadong.modules.replacePicture.ReplacePicture" >
    update replace_picture
    set number = #{number,jdbcType=VARCHAR},
      position = #{position,jdbcType=INTEGER},
      url = #{url,jdbcType=VARCHAR},
      picture = #{picture,jdbcType=VARCHAR},
      ptime = #{ptime,jdbcType=CHAR},
      ctime = #{ctime,jdbcType=CHAR}
    where ID = #{id,jdbcType=CHAR}
  </update>
</mapper>