<?xml version="1.0" encoding="UTF-8" ?>
<!DOCTYPE mapper PUBLIC "-//mybatis.org//DTD Mapper 3.0//EN" "http://mybatis.org/dtd/mybatis-3-mapper.dtd" >
<mapper namespace="com.gmadong.modules.log.SysStaffLogMapper" >
  <resultMap id="BaseResultMap" type="com.gmadong.modules.log.SysStaffLog" >
    <id column="staff_log_id" property="staffLogId" jdbcType="CHAR" />
    <result column="staff" property="staff" jdbcType="CHAR" />
    <result column="record_id" property="recordId" jdbcType="VARCHAR" />
    <result column="keyword" property="keyword" jdbcType="VARCHAR" />
    <result column="content" property="content" jdbcType="VARCHAR" />
    <result column="log_type" property="logType" jdbcType="CHAR" />
    <result column="ip" property="ip" jdbcType="VARCHAR" />
    <result column="spare_one" property="spareOne" jdbcType="VARCHAR" />
    <result column="spare_two" property="spareTwo" jdbcType="VARCHAR" />
    <result column="status" property="status" jdbcType="INTEGER" />
    <result column="create_time" property="createTime" jdbcType="VARCHAR" />
  </resultMap>
  <sql id="Example_Where_Clause" >
    <where >
      <foreach collection="oredCriteria" item="criteria" separator="or" >
        <if test="criteria.valid" >
          <trim prefix="(" suffix=")" prefixOverrides="and" >
            <foreach collection="criteria.criteria" item="criterion" >
              <choose >
                <when test="criterion.noValue" >
                  and ${criterion.condition}
                </when>
                <when test="criterion.singleValue" >
                  and ${criterion.condition} #{criterion.value}
                </when>
                <when test="criterion.betweenValue" >
                  and ${criterion.condition} #{criterion.value} and #{criterion.secondValue}
                </when>
                <when test="criterion.listValue" >
                  and ${criterion.condition}
                  <foreach collection="criterion.value" item="listItem" open="(" close=")" separator="," >
                    #{listItem}
                  </foreach>
                </when>
              </choose>
            </foreach>
          </trim>
        </if>
      </foreach>
    </where>
  </sql>
  <sql id="Update_By_Example_Where_Clause" >
    <where >
      <foreach collection="example.oredCriteria" item="criteria" separator="or" >
        <if test="criteria.valid" >
          <trim prefix="(" suffix=")" prefixOverrides="and" >
            <foreach collection="criteria.criteria" item="criterion" >
              <choose >
                <when test="criterion.noValue" >
                  and ${criterion.condition}
                </when>
                <when test="criterion.singleValue" >
                  and ${criterion.condition} #{criterion.value}
                </when>
                <when test="criterion.betweenValue" >
                  and ${criterion.condition} #{criterion.value} and #{criterion.secondValue}
                </when>
                <when test="criterion.listValue" >
                  and ${criterion.condition}
                  <foreach collection="criterion.value" item="listItem" open="(" close=")" separator="," >
                    #{listItem}
                  </foreach>
                </when>
              </choose>
            </foreach>
          </trim>
        </if>
      </foreach>
    </where>
  </sql>
  <sql id="Base_Column_List" >
    staff_log_id, staff, record_id, keyword, content, log_type, ip, spare_one, spare_two, 
    status, create_time
  </sql>
  <select id="selectByExample" resultMap="BaseResultMap" parameterType="com.gmadong.modules.log.SysStaffLogExample" >
    select
    <if test="distinct" >
      distinct
    </if>
    <include refid="Base_Column_List" />
    from sys_staff_log
    <if test="_parameter != null" >
      <include refid="Example_Where_Clause" />
    </if>
    <if test="orderByClause != null" >
      order by ${orderByClause}
    </if>
  </select>
  <select id="selectByPrimaryKey" resultMap="BaseResultMap" parameterType="java.lang.String" >
    select 
    <include refid="Base_Column_List" />
    from sys_staff_log
    where staff_log_id = #{staffLogId,jdbcType=CHAR}
  </select>
  <delete id="deleteByPrimaryKey" parameterType="java.lang.String" >
    delete from sys_staff_log
    where staff_log_id = #{staffLogId,jdbcType=CHAR}
  </delete>
  <delete id="deleteByExample" parameterType="com.gmadong.modules.log.SysStaffLogExample" >
    delete from sys_staff_log
    <if test="_parameter != null" >
      <include refid="Example_Where_Clause" />
    </if>
  </delete>
  <insert id="insert" parameterType="com.gmadong.modules.log.SysStaffLog" >
    insert into sys_staff_log (staff_log_id, staff, record_id, 
      keyword, content, log_type, 
      ip, spare_one, spare_two, 
      status, create_time)
    values (#{staffLogId,jdbcType=CHAR}, #{staff,jdbcType=CHAR}, #{recordId,jdbcType=VARCHAR}, 
      #{keyword,jdbcType=VARCHAR}, #{content,jdbcType=VARCHAR}, #{logType,jdbcType=CHAR}, 
      #{ip,jdbcType=VARCHAR}, #{spareOne,jdbcType=VARCHAR}, #{spareTwo,jdbcType=VARCHAR}, 
      #{status,jdbcType=INTEGER}, #{createTime,jdbcType=VARCHAR})
  </insert>
  <insert id="insertSelective" parameterType="com.gmadong.modules.log.SysStaffLog" >
    insert into sys_staff_log
    <trim prefix="(" suffix=")" suffixOverrides="," >
      <if test="staffLogId != null" >
        staff_log_id,
      </if>
      <if test="staff != null" >
        staff,
      </if>
      <if test="recordId != null" >
        record_id,
      </if>
      <if test="keyword != null" >
        keyword,
      </if>
      <if test="content != null" >
        content,
      </if>
      <if test="logType != null" >
        log_type,
      </if>
      <if test="ip != null" >
        ip,
      </if>
      <if test="spareOne != null" >
        spare_one,
      </if>
      <if test="spareTwo != null" >
        spare_two,
      </if>
      <if test="status != null" >
        status,
      </if>
      <if test="createTime != null" >
        create_time,
      </if>
    </trim>
    <trim prefix="values (" suffix=")" suffixOverrides="," >
      <if test="staffLogId != null" >
        #{staffLogId,jdbcType=CHAR},
      </if>
      <if test="staff != null" >
        #{staff,jdbcType=CHAR},
      </if>
      <if test="recordId != null" >
        #{recordId,jdbcType=VARCHAR},
      </if>
      <if test="keyword != null" >
        #{keyword,jdbcType=VARCHAR},
      </if>
      <if test="content != null" >
        #{content,jdbcType=VARCHAR},
      </if>
      <if test="logType != null" >
        #{logType,jdbcType=CHAR},
      </if>
      <if test="ip != null" >
        #{ip,jdbcType=VARCHAR},
      </if>
      <if test="spareOne != null" >
        #{spareOne,jdbcType=VARCHAR},
      </if>
      <if test="spareTwo != null" >
        #{spareTwo,jdbcType=VARCHAR},
      </if>
      <if test="status != null" >
        #{status,jdbcType=INTEGER},
      </if>
      <if test="createTime != null" >
        #{createTime,jdbcType=VARCHAR},
      </if>
    </trim>
  </insert>
  <select id="countByExample" parameterType="com.gmadong.modules.log.SysStaffLogExample" resultType="java.lang.Integer" >
    select count(*) from sys_staff_log
    <if test="_parameter != null" >
      <include refid="Example_Where_Clause" />
    </if>
  </select>
  <update id="updateByExampleSelective" parameterType="map" >
    update sys_staff_log
    <set >
      <if test="record.staffLogId != null" >
        staff_log_id = #{record.staffLogId,jdbcType=CHAR},
      </if>
      <if test="record.staff != null" >
        staff = #{record.staff,jdbcType=CHAR},
      </if>
      <if test="record.recordId != null" >
        record_id = #{record.recordId,jdbcType=VARCHAR},
      </if>
      <if test="record.keyword != null" >
        keyword = #{record.keyword,jdbcType=VARCHAR},
      </if>
      <if test="record.content != null" >
        content = #{record.content,jdbcType=VARCHAR},
      </if>
      <if test="record.logType != null" >
        log_type = #{record.logType,jdbcType=CHAR},
      </if>
      <if test="record.ip != null" >
        ip = #{record.ip,jdbcType=VARCHAR},
      </if>
      <if test="record.spareOne != null" >
        spare_one = #{record.spareOne,jdbcType=VARCHAR},
      </if>
      <if test="record.spareTwo != null" >
        spare_two = #{record.spareTwo,jdbcType=VARCHAR},
      </if>
      <if test="record.status != null" >
        status = #{record.status,jdbcType=INTEGER},
      </if>
      <if test="record.createTime != null" >
        create_time = #{record.createTime,jdbcType=VARCHAR},
      </if>
    </set>
    <if test="_parameter != null" >
      <include refid="Update_By_Example_Where_Clause" />
    </if>
  </update>
  <update id="updateByExample" parameterType="map" >
    update sys_staff_log
    set staff_log_id = #{record.staffLogId,jdbcType=CHAR},
      staff = #{record.staff,jdbcType=CHAR},
      record_id = #{record.recordId,jdbcType=VARCHAR},
      keyword = #{record.keyword,jdbcType=VARCHAR},
      content = #{record.content,jdbcType=VARCHAR},
      log_type = #{record.logType,jdbcType=CHAR},
      ip = #{record.ip,jdbcType=VARCHAR},
      spare_one = #{record.spareOne,jdbcType=VARCHAR},
      spare_two = #{record.spareTwo,jdbcType=VARCHAR},
      status = #{record.status,jdbcType=INTEGER},
      create_time = #{record.createTime,jdbcType=VARCHAR}
    <if test="_parameter != null" >
      <include refid="Update_By_Example_Where_Clause" />
    </if>
  </update>
  <update id="updateByPrimaryKeySelective" parameterType="com.gmadong.modules.log.SysStaffLog" >
    update sys_staff_log
    <set >
      <if test="staff != null" >
        staff = #{staff,jdbcType=CHAR},
      </if>
      <if test="recordId != null" >
        record_id = #{recordId,jdbcType=VARCHAR},
      </if>
      <if test="keyword != null" >
        keyword = #{keyword,jdbcType=VARCHAR},
      </if>
      <if test="content != null" >
        content = #{content,jdbcType=VARCHAR},
      </if>
      <if test="logType != null" >
        log_type = #{logType,jdbcType=CHAR},
      </if>
      <if test="ip != null" >
        ip = #{ip,jdbcType=VARCHAR},
      </if>
      <if test="spareOne != null" >
        spare_one = #{spareOne,jdbcType=VARCHAR},
      </if>
      <if test="spareTwo != null" >
        spare_two = #{spareTwo,jdbcType=VARCHAR},
      </if>
      <if test="status != null" >
        status = #{status,jdbcType=INTEGER},
      </if>
      <if test="createTime != null" >
        create_time = #{createTime,jdbcType=VARCHAR},
      </if>
    </set>
    where staff_log_id = #{staffLogId,jdbcType=CHAR}
  </update>
  <update id="updateByPrimaryKey" parameterType="com.gmadong.modules.log.SysStaffLog" >
    update sys_staff_log
    set staff = #{staff,jdbcType=CHAR},
      record_id = #{recordId,jdbcType=VARCHAR},
      keyword = #{keyword,jdbcType=VARCHAR},
      content = #{content,jdbcType=VARCHAR},
      log_type = #{logType,jdbcType=CHAR},
      ip = #{ip,jdbcType=VARCHAR},
      spare_one = #{spareOne,jdbcType=VARCHAR},
      spare_two = #{spareTwo,jdbcType=VARCHAR},
      status = #{status,jdbcType=INTEGER},
      create_time = #{createTime,jdbcType=VARCHAR}
    where staff_log_id = #{staffLogId,jdbcType=CHAR}
  </update>
</mapper>