<?xml version="1.0" encoding="UTF-8" ?>
<!DOCTYPE mapper PUBLIC "-//mybatis.org//DTD Mapper 3.0//EN" "http://mybatis.org/dtd/mybatis-3-mapper.dtd" >
<mapper namespace="com.gmadong.modules.company.CompanyMapper" >
  <resultMap id="BaseResultMap" type="com.gmadong.modules.company.Company" >
    <id column="ID" property="id" jdbcType="CHAR" />
    <result column="staff_id" property="staffId" jdbcType="CHAR" />
    <result column="title" property="title" jdbcType="VARCHAR" />
    <result column="legal_person" property="legalPerson" jdbcType="VARCHAR" />
    <result column="credit_code" property="creditCode" jdbcType="VARCHAR" />
    <result column="id_card" property="idCard" jdbcType="VARCHAR" />
    <result column="province" property="province" jdbcType="CHAR" />
    <result column="city" property="city" jdbcType="CHAR" />
    <result column="county" property="county" jdbcType="CHAR" />
    <result column="companytype" property="companytype" jdbcType="VARCHAR" />
    <result column="address" property="address" jdbcType="VARCHAR" />
    <result column="industry_one" property="industryOne" jdbcType="VARCHAR" />
    <result column="industry_two" property="industryTwo" jdbcType="VARCHAR" />
    <result column="industry_three" property="industryThree" jdbcType="VARCHAR" />
    <result column="contacts" property="contacts" jdbcType="CHAR" />
    <result column="email_address" property="emailAddress" jdbcType="VARCHAR" />
    <result column="postal_code" property="postalCode" jdbcType="CHAR" />
    <result column="number" property="number" jdbcType="CHAR" />
    <result column="registeredcapital" property="registeredcapital" jdbcType="VARCHAR" />
    <result column="corporatewebsite" property="corporatewebsite" jdbcType="VARCHAR" />
    <result column="registerctime" property="registerctime" jdbcType="CHAR" />
    <result column="business_license" property="businessLicense" jdbcType="CHAR" />
    <result column="front_card" property="frontCard" jdbcType="CHAR" />
    <result column="back_card" property="backCard" jdbcType="CHAR" />
    <result column="state" property="state" jdbcType="CHAR" />
    <result column="ctime" property="ctime" jdbcType="CHAR" />
  </resultMap>
  <sql id="Example_Where_Clause" >
    <where >
      <foreach collection="oredCriteria" item="criteria" separator="or" >
        <if test="criteria.valid" >
          <trim prefix="(" suffix=")" prefixOverrides="and" >
            <foreach collection="criteria.criteria" item="criterion" >
              <choose >
                <when test="criterion.noValue" >
                  and ${criterion.condition}
                </when>
                <when test="criterion.singleValue" >
                  and ${criterion.condition} #{criterion.value}
                </when>
                <when test="criterion.betweenValue" >
                  and ${criterion.condition} #{criterion.value} and #{criterion.secondValue}
                </when>
                <when test="criterion.listValue" >
                  and ${criterion.condition}
                  <foreach collection="criterion.value" item="listItem" open="(" close=")" separator="," >
                    #{listItem}
                  </foreach>
                </when>
              </choose>
            </foreach>
          </trim>
        </if>
      </foreach>
    </where>
  </sql>
  <sql id="Update_By_Example_Where_Clause" >
    <where >
      <foreach collection="example.oredCriteria" item="criteria" separator="or" >
        <if test="criteria.valid" >
          <trim prefix="(" suffix=")" prefixOverrides="and" >
            <foreach collection="criteria.criteria" item="criterion" >
              <choose >
                <when test="criterion.noValue" >
                  and ${criterion.condition}
                </when>
                <when test="criterion.singleValue" >
                  and ${criterion.condition} #{criterion.value}
                </when>
                <when test="criterion.betweenValue" >
                  and ${criterion.condition} #{criterion.value} and #{criterion.secondValue}
                </when>
                <when test="criterion.listValue" >
                  and ${criterion.condition}
                  <foreach collection="criterion.value" item="listItem" open="(" close=")" separator="," >
                    #{listItem}
                  </foreach>
                </when>
              </choose>
            </foreach>
          </trim>
        </if>
      </foreach>
    </where>
  </sql>
  <sql id="Base_Column_List" >
    ID, staff_id, title, legal_person, credit_code, id_card, province, city, county, 
    companytype, address, industry_one, industry_two, industry_three, contacts, email_address, 
    postal_code, number, registeredcapital, corporatewebsite, registerctime, business_license, 
    front_card, back_card, state, ctime
  </sql>
  <select id="selectByExample" resultMap="BaseResultMap" parameterType="com.gmadong.modules.company.CompanyExample" >
    select
    <if test="distinct" >
      distinct
    </if>
    <include refid="Base_Column_List" />
    from company
    <if test="_parameter != null" >
      <include refid="Example_Where_Clause" />
    </if>
    <if test="orderByClause != null" >
      order by ${orderByClause}
    </if>
  </select>
  <select id="selectByPrimaryKey" resultMap="BaseResultMap" parameterType="java.lang.String" >
    select 
    <include refid="Base_Column_List" />
    from company
    where ID = #{id,jdbcType=CHAR}
  </select>

  <delete id="deleteByPrimaryKey" parameterType="java.lang.String" >
    delete from company
    where ID = #{id,jdbcType=CHAR}
  </delete>
  <delete id="deleteByExample" parameterType="com.gmadong.modules.company.CompanyExample" >
    delete from company
    <if test="_parameter != null" >
      <include refid="Example_Where_Clause" />
    </if>
  </delete>
  <insert id="insert" parameterType="com.gmadong.modules.company.Company" >
    insert into company (ID, staff_id, title, 
      legal_person, credit_code, id_card, 
      province, city, county, companytype, 
      address, industry_one, industry_two, 
      industry_three, contacts, email_address, 
      postal_code, number, registeredcapital, 
      corporatewebsite, registerctime, business_license, 
      front_card, back_card, state, 
      ctime)
    values (#{id,jdbcType=CHAR}, #{staffId,jdbcType=CHAR}, #{title,jdbcType=VARCHAR}, 
      #{legalPerson,jdbcType=VARCHAR}, #{creditCode,jdbcType=VARCHAR}, #{idCard,jdbcType=VARCHAR}, 
      #{province,jdbcType=CHAR}, #{city,jdbcType=CHAR}, #{county,jdbcType=CHAR}, #{companytype,jdbcType=VARCHAR}, 
      #{address,jdbcType=VARCHAR}, #{industryOne,jdbcType=VARCHAR}, #{industryTwo,jdbcType=VARCHAR}, 
      #{industryThree,jdbcType=VARCHAR}, #{contacts,jdbcType=CHAR}, #{emailAddress,jdbcType=VARCHAR}, 
      #{postalCode,jdbcType=CHAR}, #{number,jdbcType=CHAR}, #{registeredcapital,jdbcType=VARCHAR}, 
      #{corporatewebsite,jdbcType=VARCHAR}, #{registerctime,jdbcType=CHAR}, #{businessLicense,jdbcType=CHAR}, 
      #{frontCard,jdbcType=CHAR}, #{backCard,jdbcType=CHAR}, #{state,jdbcType=CHAR}, 
      #{ctime,jdbcType=CHAR})
  </insert>
  <insert id="insertSelective" parameterType="com.gmadong.modules.company.Company" >
    insert into company
    <trim prefix="(" suffix=")" suffixOverrides="," >
      <if test="id != null" >
        ID,
      </if>
      <if test="staffId != null" >
        staff_id,
      </if>
      <if test="title != null" >
        title,
      </if>
      <if test="legalPerson != null" >
        legal_person,
      </if>
      <if test="creditCode != null" >
        credit_code,
      </if>
      <if test="idCard != null" >
        id_card,
      </if>
      <if test="province != null" >
        province,
      </if>
      <if test="city != null" >
        city,
      </if>
      <if test="county != null" >
        county,
      </if>
      <if test="companytype != null" >
        companytype,
      </if>
      <if test="address != null" >
        address,
      </if>
      <if test="industryOne != null" >
        industry_one,
      </if>
      <if test="industryTwo != null" >
        industry_two,
      </if>
      <if test="industryThree != null" >
        industry_three,
      </if>
      <if test="contacts != null" >
        contacts,
      </if>
      <if test="emailAddress != null" >
        email_address,
      </if>
      <if test="postalCode != null" >
        postal_code,
      </if>
      <if test="number != null" >
        number,
      </if>
      <if test="registeredcapital != null" >
        registeredcapital,
      </if>
      <if test="corporatewebsite != null" >
        corporatewebsite,
      </if>
      <if test="registerctime != null" >
        registerctime,
      </if>
      <if test="businessLicense != null" >
        business_license,
      </if>
      <if test="frontCard != null" >
        front_card,
      </if>
      <if test="backCard != null" >
        back_card,
      </if>
      <if test="state != null" >
        state,
      </if>
      <if test="ctime != null" >
        ctime,
      </if>
    </trim>
    <trim prefix="values (" suffix=")" suffixOverrides="," >
      <if test="id != null" >
        #{id,jdbcType=CHAR},
      </if>
      <if test="staffId != null" >
        #{staffId,jdbcType=CHAR},
      </if>
      <if test="title != null" >
        #{title,jdbcType=VARCHAR},
      </if>
      <if test="legalPerson != null" >
        #{legalPerson,jdbcType=VARCHAR},
      </if>
      <if test="creditCode != null" >
        #{creditCode,jdbcType=VARCHAR},
      </if>
      <if test="idCard != null" >
        #{idCard,jdbcType=VARCHAR},
      </if>
      <if test="province != null" >
        #{province,jdbcType=CHAR},
      </if>
      <if test="city != null" >
        #{city,jdbcType=CHAR},
      </if>
      <if test="county != null" >
        #{county,jdbcType=CHAR},
      </if>
      <if test="companytype != null" >
        #{companytype,jdbcType=VARCHAR},
      </if>
      <if test="address != null" >
        #{address,jdbcType=VARCHAR},
      </if>
      <if test="industryOne != null" >
        #{industryOne,jdbcType=VARCHAR},
      </if>
      <if test="industryTwo != null" >
        #{industryTwo,jdbcType=VARCHAR},
      </if>
      <if test="industryThree != null" >
        #{industryThree,jdbcType=VARCHAR},
      </if>
      <if test="contacts != null" >
        #{contacts,jdbcType=CHAR},
      </if>
      <if test="emailAddress != null" >
        #{emailAddress,jdbcType=VARCHAR},
      </if>
      <if test="postalCode != null" >
        #{postalCode,jdbcType=CHAR},
      </if>
      <if test="number != null" >
        #{number,jdbcType=CHAR},
      </if>
      <if test="registeredcapital != null" >
        #{registeredcapital,jdbcType=VARCHAR},
      </if>
      <if test="corporatewebsite != null" >
        #{corporatewebsite,jdbcType=VARCHAR},
      </if>
      <if test="registerctime != null" >
        #{registerctime,jdbcType=CHAR},
      </if>
      <if test="businessLicense != null" >
        #{businessLicense,jdbcType=CHAR},
      </if>
      <if test="frontCard != null" >
        #{frontCard,jdbcType=CHAR},
      </if>
      <if test="backCard != null" >
        #{backCard,jdbcType=CHAR},
      </if>
      <if test="state != null" >
        #{state,jdbcType=CHAR},
      </if>
      <if test="ctime != null" >
        #{ctime,jdbcType=CHAR},
      </if>
    </trim>
  </insert>
  <select id="countByExample" parameterType="com.gmadong.modules.company.CompanyExample" resultType="java.lang.Integer" >
    select count(*) from company
    <if test="_parameter != null" >
      <include refid="Example_Where_Clause" />
    </if>
  </select>
  <update id="updateByExampleSelective" parameterType="map" >
    update company
    <set >
      <if test="record.id != null" >
        ID = #{record.id,jdbcType=CHAR},
      </if>
      <if test="record.staffId != null" >
        staff_id = #{record.staffId,jdbcType=CHAR},
      </if>
      <if test="record.title != null" >
        title = #{record.title,jdbcType=VARCHAR},
      </if>
      <if test="record.legalPerson != null" >
        legal_person = #{record.legalPerson,jdbcType=VARCHAR},
      </if>
      <if test="record.creditCode != null" >
        credit_code = #{record.creditCode,jdbcType=VARCHAR},
      </if>
      <if test="record.idCard != null" >
        id_card = #{record.idCard,jdbcType=VARCHAR},
      </if>
      <if test="record.province != null" >
        province = #{record.province,jdbcType=CHAR},
      </if>
      <if test="record.city != null" >
        city = #{record.city,jdbcType=CHAR},
      </if>
      <if test="record.county != null" >
        county = #{record.county,jdbcType=CHAR},
      </if>
      <if test="record.companytype != null" >
        companytype = #{record.companytype,jdbcType=VARCHAR},
      </if>
      <if test="record.address != null" >
        address = #{record.address,jdbcType=VARCHAR},
      </if>
      <if test="record.industryOne != null" >
        industry_one = #{record.industryOne,jdbcType=VARCHAR},
      </if>
      <if test="record.industryTwo != null" >
        industry_two = #{record.industryTwo,jdbcType=VARCHAR},
      </if>
      <if test="record.industryThree != null" >
        industry_three = #{record.industryThree,jdbcType=VARCHAR},
      </if>
      <if test="record.contacts != null" >
        contacts = #{record.contacts,jdbcType=CHAR},
      </if>
      <if test="record.emailAddress != null" >
        email_address = #{record.emailAddress,jdbcType=VARCHAR},
      </if>
      <if test="record.postalCode != null" >
        postal_code = #{record.postalCode,jdbcType=CHAR},
      </if>
      <if test="record.number != null" >
        number = #{record.number,jdbcType=CHAR},
      </if>
      <if test="record.registeredcapital != null" >
        registeredcapital = #{record.registeredcapital,jdbcType=VARCHAR},
      </if>
      <if test="record.corporatewebsite != null" >
        corporatewebsite = #{record.corporatewebsite,jdbcType=VARCHAR},
      </if>
      <if test="record.registerctime != null" >
        registerctime = #{record.registerctime,jdbcType=CHAR},
      </if>
      <if test="record.businessLicense != null" >
        business_license = #{record.businessLicense,jdbcType=CHAR},
      </if>
      <if test="record.frontCard != null" >
        front_card = #{record.frontCard,jdbcType=CHAR},
      </if>
      <if test="record.backCard != null" >
        back_card = #{record.backCard,jdbcType=CHAR},
      </if>
      <if test="record.state != null" >
        state = #{record.state,jdbcType=CHAR},
      </if>
      <if test="record.ctime != null" >
        ctime = #{record.ctime,jdbcType=CHAR},
      </if>
    </set>
    <if test="_parameter != null" >
      <include refid="Update_By_Example_Where_Clause" />
    </if>
  </update>
  <update id="updateByExample" parameterType="map" >
    update company
    set ID = #{record.id,jdbcType=CHAR},
      staff_id = #{record.staffId,jdbcType=CHAR},
      title = #{record.title,jdbcType=VARCHAR},
      legal_person = #{record.legalPerson,jdbcType=VARCHAR},
      credit_code = #{record.creditCode,jdbcType=VARCHAR},
      id_card = #{record.idCard,jdbcType=VARCHAR},
      province = #{record.province,jdbcType=CHAR},
      city = #{record.city,jdbcType=CHAR},
      county = #{record.county,jdbcType=CHAR},
      companytype = #{record.companytype,jdbcType=VARCHAR},
      address = #{record.address,jdbcType=VARCHAR},
      industry_one = #{record.industryOne,jdbcType=VARCHAR},
      industry_two = #{record.industryTwo,jdbcType=VARCHAR},
      industry_three = #{record.industryThree,jdbcType=VARCHAR},
      contacts = #{record.contacts,jdbcType=CHAR},
      email_address = #{record.emailAddress,jdbcType=VARCHAR},
      postal_code = #{record.postalCode,jdbcType=CHAR},
      number = #{record.number,jdbcType=CHAR},
      registeredcapital = #{record.registeredcapital,jdbcType=VARCHAR},
      corporatewebsite = #{record.corporatewebsite,jdbcType=VARCHAR},
      registerctime = #{record.registerctime,jdbcType=CHAR},
      business_license = #{record.businessLicense,jdbcType=CHAR},
      front_card = #{record.frontCard,jdbcType=CHAR},
      back_card = #{record.backCard,jdbcType=CHAR},
      state = #{record.state,jdbcType=CHAR},
      ctime = #{record.ctime,jdbcType=CHAR}
    <if test="_parameter != null" >
      <include refid="Update_By_Example_Where_Clause" />
    </if>
  </update>
  <update id="updateByPrimaryKeySelective" parameterType="com.gmadong.modules.company.Company" >
    update company
    <set >
      <if test="staffId != null" >
        staff_id = #{staffId,jdbcType=CHAR},
      </if>
      <if test="title != null" >
        title = #{title,jdbcType=VARCHAR},
      </if>
      <if test="legalPerson != null" >
        legal_person = #{legalPerson,jdbcType=VARCHAR},
      </if>
      <if test="creditCode != null" >
        credit_code = #{creditCode,jdbcType=VARCHAR},
      </if>
      <if test="idCard != null" >
        id_card = #{idCard,jdbcType=VARCHAR},
      </if>
      <if test="province != null" >
        province = #{province,jdbcType=CHAR},
      </if>
      <if test="city != null" >
        city = #{city,jdbcType=CHAR},
      </if>
      <if test="county != null" >
        county = #{county,jdbcType=CHAR},
      </if>
      <if test="companytype != null" >
        companytype = #{companytype,jdbcType=VARCHAR},
      </if>
      <if test="address != null" >
        address = #{address,jdbcType=VARCHAR},
      </if>
      <if test="industryOne != null" >
        industry_one = #{industryOne,jdbcType=VARCHAR},
      </if>
      <if test="industryTwo != null" >
        industry_two = #{industryTwo,jdbcType=VARCHAR},
      </if>
      <if test="industryThree != null" >
        industry_three = #{industryThree,jdbcType=VARCHAR},
      </if>
      <if test="contacts != null" >
        contacts = #{contacts,jdbcType=CHAR},
      </if>
      <if test="emailAddress != null" >
        email_address = #{emailAddress,jdbcType=VARCHAR},
      </if>
      <if test="postalCode != null" >
        postal_code = #{postalCode,jdbcType=CHAR},
      </if>
      <if test="number != null" >
        number = #{number,jdbcType=CHAR},
      </if>
      <if test="registeredcapital != null" >
        registeredcapital = #{registeredcapital,jdbcType=VARCHAR},
      </if>
      <if test="corporatewebsite != null" >
        corporatewebsite = #{corporatewebsite,jdbcType=VARCHAR},
      </if>
      <if test="registerctime != null" >
        registerctime = #{registerctime,jdbcType=CHAR},
      </if>
      <if test="businessLicense != null" >
        business_license = #{businessLicense,jdbcType=CHAR},
      </if>
      <if test="frontCard != null" >
        front_card = #{frontCard,jdbcType=CHAR},
      </if>
      <if test="backCard != null" >
        back_card = #{backCard,jdbcType=CHAR},
      </if>
      <if test="state != null" >
        state = #{state,jdbcType=CHAR},
      </if>
      <if test="ctime != null" >
        ctime = #{ctime,jdbcType=CHAR},
      </if>
    </set>
    where ID = #{id,jdbcType=CHAR}
  </update>
  <update id="updateByPrimaryKey" parameterType="com.gmadong.modules.company.Company" >
    update company
    set staff_id = #{staffId,jdbcType=CHAR},
      title = #{title,jdbcType=VARCHAR},
      legal_person = #{legalPerson,jdbcType=VARCHAR},
      credit_code = #{creditCode,jdbcType=VARCHAR},
      id_card = #{idCard,jdbcType=VARCHAR},
      province = #{province,jdbcType=CHAR},
      city = #{city,jdbcType=CHAR},
      county = #{county,jdbcType=CHAR},
      companytype = #{companytype,jdbcType=VARCHAR},
      address = #{address,jdbcType=VARCHAR},
      industry_one = #{industryOne,jdbcType=VARCHAR},
      industry_two = #{industryTwo,jdbcType=VARCHAR},
      industry_three = #{industryThree,jdbcType=VARCHAR},
      contacts = #{contacts,jdbcType=CHAR},
      email_address = #{emailAddress,jdbcType=VARCHAR},
      postal_code = #{postalCode,jdbcType=CHAR},
      number = #{number,jdbcType=CHAR},
      registeredcapital = #{registeredcapital,jdbcType=VARCHAR},
      corporatewebsite = #{corporatewebsite,jdbcType=VARCHAR},
      registerctime = #{registerctime,jdbcType=CHAR},
      business_license = #{businessLicense,jdbcType=CHAR},
      front_card = #{frontCard,jdbcType=CHAR},
      back_card = #{backCard,jdbcType=CHAR},
      state = #{state,jdbcType=CHAR},
      ctime = #{ctime,jdbcType=CHAR}
    where ID = #{id,jdbcType=CHAR}
  </update>
    <!-- 根据staffid查询公司信息 -->
    <select id="selectByStaffIdKey" resultMap="BaseResultMap" parameterType="java.lang.String" >
    select 
    <include refid="Base_Column_List" />
    from company
    where staff_id = #{staffid,jdbcType=CHAR}
  </select>
  
      <!-- 根据staffid查询公司信息 -->
    <select id="selectFamousCompany" resultMap="BaseResultMap" parameterType="java.lang.String" >
    select id,title from company order by ctime limit 8
  </select>
</mapper>