<?xml version="1.0" encoding="UTF-8" ?>
<!DOCTYPE mapper PUBLIC "-//mybatis.org//DTD Mapper 3.0//EN" "http://mybatis.org/dtd/mybatis-3-mapper.dtd" >
<mapper namespace="com.gmadong.modules.systemMsg.SystemMsgMapper" >
  <resultMap id="BaseResultMap" type="com.gmadong.modules.systemMsg.SystemMsg" >
    <id column="ID" property="id" jdbcType="CHAR" />
    <result column="user_id" property="userId" jdbcType="VARCHAR" />
    <result column="msg" property="msg" jdbcType="VARCHAR" />
    <result column="url" property="url" jdbcType="VARCHAR" />
    <result column="state" property="state" jdbcType="CHAR" />
    <result column="type" property="type" jdbcType="CHAR" />
    <result column="ctime" property="ctime" jdbcType="CHAR" />
  </resultMap>
  <sql id="Example_Where_Clause" >
    <where >
      <foreach collection="oredCriteria" item="criteria" separator="or" >
        <if test="criteria.valid" >
          <trim prefix="(" suffix=")" prefixOverrides="and" >
            <foreach collection="criteria.criteria" item="criterion" >
              <choose >
                <when test="criterion.noValue" >
                  and ${criterion.condition}
                </when>
                <when test="criterion.singleValue" >
                  and ${criterion.condition} #{criterion.value}
                </when>
                <when test="criterion.betweenValue" >
                  and ${criterion.condition} #{criterion.value} and #{criterion.secondValue}
                </when>
                <when test="criterion.listValue" >
                  and ${criterion.condition}
                  <foreach collection="criterion.value" item="listItem" open="(" close=")" separator="," >
                    #{listItem}
                  </foreach>
                </when>
              </choose>
            </foreach>
          </trim>
        </if>
      </foreach>
    </where>
  </sql>
  <sql id="Update_By_Example_Where_Clause" >
    <where >
      <foreach collection="example.oredCriteria" item="criteria" separator="or" >
        <if test="criteria.valid" >
          <trim prefix="(" suffix=")" prefixOverrides="and" >
            <foreach collection="criteria.criteria" item="criterion" >
              <choose >
                <when test="criterion.noValue" >
                  and ${criterion.condition}
                </when>
                <when test="criterion.singleValue" >
                  and ${criterion.condition} #{criterion.value}
                </when>
                <when test="criterion.betweenValue" >
                  and ${criterion.condition} #{criterion.value} and #{criterion.secondValue}
                </when>
                <when test="criterion.listValue" >
                  and ${criterion.condition}
                  <foreach collection="criterion.value" item="listItem" open="(" close=")" separator="," >
                    #{listItem}
                  </foreach>
                </when>
              </choose>
            </foreach>
          </trim>
        </if>
      </foreach>
    </where>
  </sql>
  <sql id="Base_Column_List" >
    ID, user_id, msg, url, state, type, ctime
  </sql>
  <select id="selectByExample" resultMap="BaseResultMap" parameterType="com.gmadong.modules.systemMsg.SystemMsgExample" >
    select
    <if test="distinct" >
      distinct
    </if>
    <include refid="Base_Column_List" />
    from system_msg
    <if test="_parameter != null" >
      <include refid="Example_Where_Clause" />
    </if>
    <if test="orderByClause != null" >
      order by ${orderByClause}
    </if>
  </select>
  <select id="selectByPrimaryKey" resultMap="BaseResultMap" parameterType="java.lang.String" >
    select 
    <include refid="Base_Column_List" />
    from system_msg
    where ID = #{id,jdbcType=CHAR}
  </select>
  <delete id="deleteByPrimaryKey" parameterType="java.lang.String" >
    delete from system_msg
    where ID = #{id,jdbcType=CHAR}
  </delete>
  <delete id="deleteByExample" parameterType="com.gmadong.modules.systemMsg.SystemMsgExample" >
    delete from system_msg
    <if test="_parameter != null" >
      <include refid="Example_Where_Clause" />
    </if>
  </delete>
  <insert id="insert" parameterType="com.gmadong.modules.systemMsg.SystemMsg" >
    insert into system_msg (ID, user_id, msg, 
      url, state, type, ctime
      )
    values (#{id,jdbcType=CHAR}, #{userId,jdbcType=VARCHAR}, #{msg,jdbcType=VARCHAR}, 
      #{url,jdbcType=VARCHAR}, #{state,jdbcType=CHAR}, #{type,jdbcType=CHAR}, #{ctime,jdbcType=CHAR}
      )
  </insert>
  <insert id="insertSelective" parameterType="com.gmadong.modules.systemMsg.SystemMsg" >
    insert into system_msg
    <trim prefix="(" suffix=")" suffixOverrides="," >
      <if test="id != null" >
        ID,
      </if>
      <if test="userId != null" >
        user_id,
      </if>
      <if test="msg != null" >
        msg,
      </if>
      <if test="url != null" >
        url,
      </if>
      <if test="state != null" >
        state,
      </if>
      <if test="type != null" >
        type,
      </if>
      <if test="ctime != null" >
        ctime,
      </if>
    </trim>
    <trim prefix="values (" suffix=")" suffixOverrides="," >
      <if test="id != null" >
        #{id,jdbcType=CHAR},
      </if>
      <if test="userId != null" >
        #{userId,jdbcType=VARCHAR},
      </if>
      <if test="msg != null" >
        #{msg,jdbcType=VARCHAR},
      </if>
      <if test="url != null" >
        #{url,jdbcType=VARCHAR},
      </if>
      <if test="state != null" >
        #{state,jdbcType=CHAR},
      </if>
      <if test="type != null" >
        #{type,jdbcType=CHAR},
      </if>
      <if test="ctime != null" >
        #{ctime,jdbcType=CHAR},
      </if>
    </trim>
  </insert>
  <select id="countByExample" parameterType="com.gmadong.modules.systemMsg.SystemMsgExample" resultType="java.lang.Integer" >
    select count(*) from system_msg
    <if test="_parameter != null" >
      <include refid="Example_Where_Clause" />
    </if>
  </select>
  <update id="updateByExampleSelective" parameterType="map" >
    update system_msg
    <set >
      <if test="record.id != null" >
        ID = #{record.id,jdbcType=CHAR},
      </if>
      <if test="record.userId != null" >
        user_id = #{record.userId,jdbcType=VARCHAR},
      </if>
      <if test="record.msg != null" >
        msg = #{record.msg,jdbcType=VARCHAR},
      </if>
      <if test="record.url != null" >
        url = #{record.url,jdbcType=VARCHAR},
      </if>
      <if test="record.state != null" >
        state = #{record.state,jdbcType=CHAR},
      </if>
      <if test="record.type != null" >
        type = #{record.type,jdbcType=CHAR},
      </if>
      <if test="record.ctime != null" >
        ctime = #{record.ctime,jdbcType=CHAR},
      </if>
    </set>
    <if test="_parameter != null" >
      <include refid="Update_By_Example_Where_Clause" />
    </if>
  </update>
  <update id="updateByExample" parameterType="map" >
    update system_msg
    set ID = #{record.id,jdbcType=CHAR},
      user_id = #{record.userId,jdbcType=VARCHAR},
      msg = #{record.msg,jdbcType=VARCHAR},
      url = #{record.url,jdbcType=VARCHAR},
      state = #{record.state,jdbcType=CHAR},
      type = #{record.type,jdbcType=CHAR},
      ctime = #{record.ctime,jdbcType=CHAR}
    <if test="_parameter != null" >
      <include refid="Update_By_Example_Where_Clause" />
    </if>
  </update>
  <update id="updateByPrimaryKeySelective" parameterType="com.gmadong.modules.systemMsg.SystemMsg" >
    update system_msg
    <set >
      <if test="userId != null" >
        user_id = #{userId,jdbcType=VARCHAR},
      </if>
      <if test="msg != null" >
        msg = #{msg,jdbcType=VARCHAR},
      </if>
      <if test="url != null" >
        url = #{url,jdbcType=VARCHAR},
      </if>
      <if test="state != null" >
        state = #{state,jdbcType=CHAR},
      </if>
      <if test="type != null" >
        type = #{type,jdbcType=CHAR},
      </if>
      <if test="ctime != null" >
        ctime = #{ctime,jdbcType=CHAR},
      </if>
    </set>
    where ID = #{id,jdbcType=CHAR}
  </update>
  <update id="updateByPrimaryKey" parameterType="com.gmadong.modules.systemMsg.SystemMsg" >
    update system_msg
    set user_id = #{userId,jdbcType=VARCHAR},
      msg = #{msg,jdbcType=VARCHAR},
      url = #{url,jdbcType=VARCHAR},
      state = #{state,jdbcType=CHAR},
      type = #{type,jdbcType=CHAR},
      ctime = #{ctime,jdbcType=CHAR}
    where ID = #{id,jdbcType=CHAR}
  </update>
</mapper>