<?xml version="1.0" encoding="UTF-8" ?>
<!DOCTYPE mapper PUBLIC "-//mybatis.org//DTD Mapper 3.0//EN" "http://mybatis.org/dtd/mybatis-3-mapper.dtd" >
<mapper namespace="com.gmadong.modules.organize.SysOrganizeMapper" >
  <resultMap id="BaseResultMap" type="com.gmadong.modules.organize.SysOrganize" >
    <id column="organize_ID" property="organizeId" jdbcType="CHAR" />
    <result column="organize_name" property="organizeName" jdbcType="VARCHAR" />
    <result column="parent_ID" property="parentId" jdbcType="CHAR" />
    <result column="remark" property="remark" jdbcType="VARCHAR" />
    <result column="spare_one" property="spareOne" jdbcType="VARCHAR" />
    <result column="spare_two" property="spareTwo" jdbcType="VARCHAR" />
    <result column="type" property="type" jdbcType="CHAR" />
    <result column="status" property="status" jdbcType="CHAR" />
    <result column="create_time" property="createTime" jdbcType="VARCHAR" />
  </resultMap>
  <sql id="Example_Where_Clause" >
    <where >
      <foreach collection="oredCriteria" item="criteria" separator="or" >
        <if test="criteria.valid" >
          <trim prefix="(" suffix=")" prefixOverrides="and" >
            <foreach collection="criteria.criteria" item="criterion" >
              <choose >
                <when test="criterion.noValue" >
                  and ${criterion.condition}
                </when>
                <when test="criterion.singleValue" >
                  and ${criterion.condition} #{criterion.value}
                </when>
                <when test="criterion.betweenValue" >
                  and ${criterion.condition} #{criterion.value} and #{criterion.secondValue}
                </when>
                <when test="criterion.listValue" >
                  and ${criterion.condition}
                  <foreach collection="criterion.value" item="listItem" open="(" close=")" separator="," >
                    #{listItem}
                  </foreach>
                </when>
              </choose>
            </foreach>
          </trim>
        </if>
      </foreach>
    </where>
  </sql>
  <sql id="Update_By_Example_Where_Clause" >
    <where >
      <foreach collection="example.oredCriteria" item="criteria" separator="or" >
        <if test="criteria.valid" >
          <trim prefix="(" suffix=")" prefixOverrides="and" >
            <foreach collection="criteria.criteria" item="criterion" >
              <choose >
                <when test="criterion.noValue" >
                  and ${criterion.condition}
                </when>
                <when test="criterion.singleValue" >
                  and ${criterion.condition} #{criterion.value}
                </when>
                <when test="criterion.betweenValue" >
                  and ${criterion.condition} #{criterion.value} and #{criterion.secondValue}
                </when>
                <when test="criterion.listValue" >
                  and ${criterion.condition}
                  <foreach collection="criterion.value" item="listItem" open="(" close=")" separator="," >
                    #{listItem}
                  </foreach>
                </when>
              </choose>
            </foreach>
          </trim>
        </if>
      </foreach>
    </where>
  </sql>
  <sql id="Base_Column_List" >
    organize_ID, organize_name, parent_ID, remark, spare_one, spare_two, type, status, 
    create_time
  </sql>
  <select id="selectByExample" resultMap="BaseResultMap" parameterType="com.gmadong.modules.organize.SysOrganizeExample" >
    select
    <if test="distinct" >
      distinct
    </if>
    <include refid="Base_Column_List" />
    from sys_organize
    <if test="_parameter != null" >
      <include refid="Example_Where_Clause" />
    </if>
    <if test="orderByClause != null" >
      order by ${orderByClause}
    </if>
  </select>
  <select id="selectByPrimaryKey" resultMap="BaseResultMap" parameterType="java.lang.String" >
    select 
    <include refid="Base_Column_List" />
    from sys_organize
    where organize_ID = #{organizeId,jdbcType=CHAR}
  </select>
  <delete id="deleteByPrimaryKey" parameterType="java.lang.String" >
    delete from sys_organize
    where organize_ID = #{organizeId,jdbcType=CHAR}
  </delete>
  <delete id="deleteByExample" parameterType="com.gmadong.modules.organize.SysOrganizeExample" >
    delete from sys_organize
    <if test="_parameter != null" >
      <include refid="Example_Where_Clause" />
    </if>
  </delete>
  <insert id="insert" parameterType="com.gmadong.modules.organize.SysOrganize" >
    insert into sys_organize (organize_ID, organize_name, parent_ID, 
      remark, spare_one, spare_two, 
      type, status, create_time)
    values (#{organizeId,jdbcType=CHAR}, #{organizeName,jdbcType=VARCHAR}, #{parentId,jdbcType=CHAR}, 
      #{remark,jdbcType=VARCHAR}, #{spareOne,jdbcType=VARCHAR}, #{spareTwo,jdbcType=VARCHAR}, 
      #{type,jdbcType=CHAR}, #{status,jdbcType=CHAR}, #{createTime,jdbcType=VARCHAR})
  </insert>
  <insert id="insertSelective" parameterType="com.gmadong.modules.organize.SysOrganize" >
    insert into sys_organize
    <trim prefix="(" suffix=")" suffixOverrides="," >
      <if test="organizeId != null" >
        organize_ID,
      </if>
      <if test="organizeName != null" >
        organize_name,
      </if>
      <if test="parentId != null" >
        parent_ID,
      </if>
      <if test="remark != null" >
        remark,
      </if>
      <if test="spareOne != null" >
        spare_one,
      </if>
      <if test="spareTwo != null" >
        spare_two,
      </if>
      <if test="type != null" >
        type,
      </if>
      <if test="status != null" >
        status,
      </if>
      <if test="createTime != null" >
        create_time,
      </if>
    </trim>
    <trim prefix="values (" suffix=")" suffixOverrides="," >
      <if test="organizeId != null" >
        #{organizeId,jdbcType=CHAR},
      </if>
      <if test="organizeName != null" >
        #{organizeName,jdbcType=VARCHAR},
      </if>
      <if test="parentId != null" >
        #{parentId,jdbcType=CHAR},
      </if>
      <if test="remark != null" >
        #{remark,jdbcType=VARCHAR},
      </if>
      <if test="spareOne != null" >
        #{spareOne,jdbcType=VARCHAR},
      </if>
      <if test="spareTwo != null" >
        #{spareTwo,jdbcType=VARCHAR},
      </if>
      <if test="type != null" >
        #{type,jdbcType=CHAR},
      </if>
      <if test="status != null" >
        #{status,jdbcType=CHAR},
      </if>
      <if test="createTime != null" >
        #{createTime,jdbcType=VARCHAR},
      </if>
    </trim>
  </insert>
  <select id="countByExample" parameterType="com.gmadong.modules.organize.SysOrganizeExample" resultType="java.lang.Integer" >
    select count(*) from sys_organize
    <if test="_parameter != null" >
      <include refid="Example_Where_Clause" />
    </if>
  </select>
  <update id="updateByExampleSelective" parameterType="map" >
    update sys_organize
    <set >
      <if test="record.organizeId != null" >
        organize_ID = #{record.organizeId,jdbcType=CHAR},
      </if>
      <if test="record.organizeName != null" >
        organize_name = #{record.organizeName,jdbcType=VARCHAR},
      </if>
      <if test="record.parentId != null" >
        parent_ID = #{record.parentId,jdbcType=CHAR},
      </if>
      <if test="record.remark != null" >
        remark = #{record.remark,jdbcType=VARCHAR},
      </if>
      <if test="record.spareOne != null" >
        spare_one = #{record.spareOne,jdbcType=VARCHAR},
      </if>
      <if test="record.spareTwo != null" >
        spare_two = #{record.spareTwo,jdbcType=VARCHAR},
      </if>
      <if test="record.type != null" >
        type = #{record.type,jdbcType=CHAR},
      </if>
      <if test="record.status != null" >
        status = #{record.status,jdbcType=CHAR},
      </if>
      <if test="record.createTime != null" >
        create_time = #{record.createTime,jdbcType=VARCHAR},
      </if>
    </set>
    <if test="_parameter != null" >
      <include refid="Update_By_Example_Where_Clause" />
    </if>
  </update>
  <update id="updateByExample" parameterType="map" >
    update sys_organize
    set organize_ID = #{record.organizeId,jdbcType=CHAR},
      organize_name = #{record.organizeName,jdbcType=VARCHAR},
      parent_ID = #{record.parentId,jdbcType=CHAR},
      remark = #{record.remark,jdbcType=VARCHAR},
      spare_one = #{record.spareOne,jdbcType=VARCHAR},
      spare_two = #{record.spareTwo,jdbcType=VARCHAR},
      type = #{record.type,jdbcType=CHAR},
      status = #{record.status,jdbcType=CHAR},
      create_time = #{record.createTime,jdbcType=VARCHAR}
    <if test="_parameter != null" >
      <include refid="Update_By_Example_Where_Clause" />
    </if>
  </update>
  <update id="updateByPrimaryKeySelective" parameterType="com.gmadong.modules.organize.SysOrganize" >
    update sys_organize
    <set >
      <if test="organizeName != null" >
        organize_name = #{organizeName,jdbcType=VARCHAR},
      </if>
      <if test="parentId != null" >
        parent_ID = #{parentId,jdbcType=CHAR},
      </if>
      <if test="remark != null" >
        remark = #{remark,jdbcType=VARCHAR},
      </if>
      <if test="spareOne != null" >
        spare_one = #{spareOne,jdbcType=VARCHAR},
      </if>
      <if test="spareTwo != null" >
        spare_two = #{spareTwo,jdbcType=VARCHAR},
      </if>
      <if test="type != null" >
        type = #{type,jdbcType=CHAR},
      </if>
      <if test="status != null" >
        status = #{status,jdbcType=CHAR},
      </if>
      <if test="createTime != null" >
        create_time = #{createTime,jdbcType=VARCHAR},
      </if>
    </set>
    where organize_ID = #{organizeId,jdbcType=CHAR}
  </update>
  <update id="updateByPrimaryKey" parameterType="com.gmadong.modules.organize.SysOrganize" >
    update sys_organize
    set organize_name = #{organizeName,jdbcType=VARCHAR},
      parent_ID = #{parentId,jdbcType=CHAR},
      remark = #{remark,jdbcType=VARCHAR},
      spare_one = #{spareOne,jdbcType=VARCHAR},
      spare_two = #{spareTwo,jdbcType=VARCHAR},
      type = #{type,jdbcType=CHAR},
      status = #{status,jdbcType=CHAR},
      create_time = #{createTime,jdbcType=VARCHAR}
    where organize_ID = #{organizeId,jdbcType=CHAR}
  </update>
</mapper>