<?xml version="1.0" encoding="UTF-8" ?>
<!DOCTYPE mapper PUBLIC "-//mybatis.org//DTD Mapper 3.0//EN" "http://mybatis.org/dtd/mybatis-3-mapper.dtd" >
<mapper namespace="com.gmadong.modules.tracker.TrackerMapper" >
  <resultMap id="BaseResultMap" type="com.gmadong.modules.tracker.Tracker" >
    <id column="ID" property="id" jdbcType="CHAR" />
    <result column="user_id" property="userId" jdbcType="CHAR" />
    <result column="tracker_name" property="trackerName" jdbcType="VARCHAR" />
    <result column="keywords" property="keywords" jdbcType="VARCHAR" />
    <result column="regions" property="regions" jdbcType="VARCHAR" />
    <result column="info_type" property="infoType" jdbcType="VARCHAR" />
    <result column="search_type" property="searchType" jdbcType="CHAR" />
    <result column="subscribe" property="subscribe" jdbcType="VARCHAR" />
    <result column="ctime" property="ctime" jdbcType="CHAR" />
  </resultMap>
  <sql id="Example_Where_Clause" >
    <where >
      <foreach collection="oredCriteria" item="criteria" separator="or" >
        <if test="criteria.valid" >
          <trim prefix="(" suffix=")" prefixOverrides="and" >
            <foreach collection="criteria.criteria" item="criterion" >
              <choose >
                <when test="criterion.noValue" >
                  and ${criterion.condition}
                </when>
                <when test="criterion.singleValue" >
                  and ${criterion.condition} #{criterion.value}
                </when>
                <when test="criterion.betweenValue" >
                  and ${criterion.condition} #{criterion.value} and #{criterion.secondValue}
                </when>
                <when test="criterion.listValue" >
                  and ${criterion.condition}
                  <foreach collection="criterion.value" item="listItem" open="(" close=")" separator="," >
                    #{listItem}
                  </foreach>
                </when>
              </choose>
            </foreach>
          </trim>
        </if>
      </foreach>
    </where>
  </sql>
  <sql id="Update_By_Example_Where_Clause" >
    <where >
      <foreach collection="example.oredCriteria" item="criteria" separator="or" >
        <if test="criteria.valid" >
          <trim prefix="(" suffix=")" prefixOverrides="and" >
            <foreach collection="criteria.criteria" item="criterion" >
              <choose >
                <when test="criterion.noValue" >
                  and ${criterion.condition}
                </when>
                <when test="criterion.singleValue" >
                  and ${criterion.condition} #{criterion.value}
                </when>
                <when test="criterion.betweenValue" >
                  and ${criterion.condition} #{criterion.value} and #{criterion.secondValue}
                </when>
                <when test="criterion.listValue" >
                  and ${criterion.condition}
                  <foreach collection="criterion.value" item="listItem" open="(" close=")" separator="," >
                    #{listItem}
                  </foreach>
                </when>
              </choose>
            </foreach>
          </trim>
        </if>
      </foreach>
    </where>
  </sql>
  <sql id="Base_Column_List" >
    ID, user_id, tracker_name, keywords, regions, info_type, search_type, subscribe, 
    ctime
  </sql>
  <select id="selectByExample" resultMap="BaseResultMap" parameterType="com.gmadong.modules.tracker.TrackerExample" >
    select
    <if test="distinct" >
      distinct
    </if>
    <include refid="Base_Column_List" />
    from tracker
    <if test="_parameter != null" >
      <include refid="Example_Where_Clause" />
    </if>
    <if test="orderByClause != null" >
      order by ${orderByClause}
    </if>
  </select>
  <select id="selectByPrimaryKey" resultMap="BaseResultMap" parameterType="java.lang.String" >
    select 
    <include refid="Base_Column_List" />
    from tracker
    where ID = #{id,jdbcType=CHAR}
  </select>
  <delete id="deleteByPrimaryKey" parameterType="java.lang.String" >
    delete from tracker
    where ID = #{id,jdbcType=CHAR}
  </delete>
  <delete id="deleteByExample" parameterType="com.gmadong.modules.tracker.TrackerExample" >
    delete from tracker
    <if test="_parameter != null" >
      <include refid="Example_Where_Clause" />
    </if>
  </delete>
  <insert id="insert" parameterType="com.gmadong.modules.tracker.Tracker" >
    insert into tracker (ID, user_id, tracker_name, 
      keywords, regions, info_type, 
      search_type, subscribe, ctime
      )
    values (#{id,jdbcType=CHAR}, #{userId,jdbcType=CHAR}, #{trackerName,jdbcType=VARCHAR}, 
      #{keywords,jdbcType=VARCHAR}, #{regions,jdbcType=VARCHAR}, #{infoType,jdbcType=VARCHAR}, 
      #{searchType,jdbcType=CHAR}, #{subscribe,jdbcType=VARCHAR}, #{ctime,jdbcType=CHAR}
      )
  </insert>
  <insert id="insertSelective" parameterType="com.gmadong.modules.tracker.Tracker" >
    insert into tracker
    <trim prefix="(" suffix=")" suffixOverrides="," >
      <if test="id != null" >
        ID,
      </if>
      <if test="userId != null" >
        user_id,
      </if>
      <if test="trackerName != null" >
        tracker_name,
      </if>
      <if test="keywords != null" >
        keywords,
      </if>
      <if test="regions != null" >
        regions,
      </if>
      <if test="infoType != null" >
        info_type,
      </if>
      <if test="searchType != null" >
        search_type,
      </if>
      <if test="subscribe != null" >
        subscribe,
      </if>
      <if test="ctime != null" >
        ctime,
      </if>
    </trim>
    <trim prefix="values (" suffix=")" suffixOverrides="," >
      <if test="id != null" >
        #{id,jdbcType=CHAR},
      </if>
      <if test="userId != null" >
        #{userId,jdbcType=CHAR},
      </if>
      <if test="trackerName != null" >
        #{trackerName,jdbcType=VARCHAR},
      </if>
      <if test="keywords != null" >
        #{keywords,jdbcType=VARCHAR},
      </if>
      <if test="regions != null" >
        #{regions,jdbcType=VARCHAR},
      </if>
      <if test="infoType != null" >
        #{infoType,jdbcType=VARCHAR},
      </if>
      <if test="searchType != null" >
        #{searchType,jdbcType=CHAR},
      </if>
      <if test="subscribe != null" >
        #{subscribe,jdbcType=VARCHAR},
      </if>
      <if test="ctime != null" >
        #{ctime,jdbcType=CHAR},
      </if>
    </trim>
  </insert>
  <select id="countByExample" parameterType="com.gmadong.modules.tracker.TrackerExample" resultType="java.lang.Integer" >
    select count(*) from tracker
    <if test="_parameter != null" >
      <include refid="Example_Where_Clause" />
    </if>
  </select>
  <update id="updateByExampleSelective" parameterType="map" >
    update tracker
    <set >
      <if test="record.id != null" >
        ID = #{record.id,jdbcType=CHAR},
      </if>
      <if test="record.userId != null" >
        user_id = #{record.userId,jdbcType=CHAR},
      </if>
      <if test="record.trackerName != null" >
        tracker_name = #{record.trackerName,jdbcType=VARCHAR},
      </if>
      <if test="record.keywords != null" >
        keywords = #{record.keywords,jdbcType=VARCHAR},
      </if>
      <if test="record.regions != null" >
        regions = #{record.regions,jdbcType=VARCHAR},
      </if>
      <if test="record.infoType != null" >
        info_type = #{record.infoType,jdbcType=VARCHAR},
      </if>
      <if test="record.searchType != null" >
        search_type = #{record.searchType,jdbcType=CHAR},
      </if>
      <if test="record.subscribe != null" >
        subscribe = #{record.subscribe,jdbcType=VARCHAR},
      </if>
      <if test="record.ctime != null" >
        ctime = #{record.ctime,jdbcType=CHAR},
      </if>
    </set>
    <if test="_parameter != null" >
      <include refid="Update_By_Example_Where_Clause" />
    </if>
  </update>
  <update id="updateByExample" parameterType="map" >
    update tracker
    set ID = #{record.id,jdbcType=CHAR},
      user_id = #{record.userId,jdbcType=CHAR},
      tracker_name = #{record.trackerName,jdbcType=VARCHAR},
      keywords = #{record.keywords,jdbcType=VARCHAR},
      regions = #{record.regions,jdbcType=VARCHAR},
      info_type = #{record.infoType,jdbcType=VARCHAR},
      search_type = #{record.searchType,jdbcType=CHAR},
      subscribe = #{record.subscribe,jdbcType=VARCHAR},
      ctime = #{record.ctime,jdbcType=CHAR}
    <if test="_parameter != null" >
      <include refid="Update_By_Example_Where_Clause" />
    </if>
  </update>
  <update id="updateByPrimaryKeySelective" parameterType="com.gmadong.modules.tracker.Tracker" >
    update tracker
    <set >
      <if test="userId != null" >
        user_id = #{userId,jdbcType=CHAR},
      </if>
      <if test="trackerName != null" >
        tracker_name = #{trackerName,jdbcType=VARCHAR},
      </if>
      <if test="keywords != null" >
        keywords = #{keywords,jdbcType=VARCHAR},
      </if>
      <if test="regions != null" >
        regions = #{regions,jdbcType=VARCHAR},
      </if>
      <if test="infoType != null" >
        info_type = #{infoType,jdbcType=VARCHAR},
      </if>
      <if test="searchType != null" >
        search_type = #{searchType,jdbcType=CHAR},
      </if>
      <if test="subscribe != null" >
        subscribe = #{subscribe,jdbcType=VARCHAR},
      </if>
      <if test="ctime != null" >
        ctime = #{ctime,jdbcType=CHAR},
      </if>
    </set>
    where ID = #{id,jdbcType=CHAR}
  </update>
  <update id="updateByPrimaryKey" parameterType="com.gmadong.modules.tracker.Tracker" >
    update tracker
    set user_id = #{userId,jdbcType=CHAR},
      tracker_name = #{trackerName,jdbcType=VARCHAR},
      keywords = #{keywords,jdbcType=VARCHAR},
      regions = #{regions,jdbcType=VARCHAR},
      info_type = #{infoType,jdbcType=VARCHAR},
      search_type = #{searchType,jdbcType=CHAR},
      subscribe = #{subscribe,jdbcType=VARCHAR},
      ctime = #{ctime,jdbcType=CHAR}
    where ID = #{id,jdbcType=CHAR}
  </update>
</mapper>