<?xml version="1.0" encoding="UTF-8" ?>
<!DOCTYPE mapper PUBLIC "-//mybatis.org//DTD Mapper 3.0//EN" "http://mybatis.org/dtd/mybatis-3-mapper.dtd" >
<mapper namespace="com.gmadong.modules.application.ApplicationMapper" >
  <resultMap id="BaseResultMap" type="com.gmadong.modules.application.Application" >
    <id column="ID" property="id" jdbcType="CHAR" />
    <result column="user_id" property="userId" jdbcType="CHAR" />
    <result column="enterprise_name" property="enterpriseName" jdbcType="VARCHAR" />
    <result column="representative" property="representative" jdbcType="VARCHAR" />
    <result column="code" property="code" jdbcType="VARCHAR" />
    <result column="identity" property="identity" jdbcType="VARCHAR" />
    <result column="province" property="province" jdbcType="VARCHAR" />
    <result column="city" property="city" jdbcType="VARCHAR" />
    <result column="county" property="county" jdbcType="VARCHAR" />
    <result column="industry_one" property="industryOne" jdbcType="VARCHAR" />
    <result column="industry_two" property="industryTwo" jdbcType="VARCHAR" />
    <result column="industry_three" property="industryThree" jdbcType="VARCHAR" />
    <result column="business_license" property="businessLicense" jdbcType="CHAR" />
    <result column="companytype" property="companytype" jdbcType="VARCHAR" />
    <result column="address" property="address" jdbcType="VARCHAR" />
    <result column="postal_code" property="postalCode" jdbcType="CHAR" />
    <result column="contacts" property="contacts" jdbcType="VARCHAR" />
    <result column="phone" property="phone" jdbcType="CHAR" />
    <result column="registeredcapital" property="registeredcapital" jdbcType="VARCHAR" />
    <result column="registerctime" property="registerctime" jdbcType="CHAR" />
    <result column="corporatewebsite" property="corporatewebsite" jdbcType="VARCHAR" />
    <result column="state" property="state" jdbcType="CHAR" />
    <result column="ctime" property="ctime" jdbcType="CHAR" />
    <result column="show_type" property="showType" jdbcType="CHAR" />
  </resultMap>
  <resultMap id="ResultMapWithBLOBs" type="com.gmadong.modules.application.Application" extends="BaseResultMap" >
    <result column="introduction" property="introduction" jdbcType="LONGVARCHAR" />
  </resultMap>
  <sql id="Example_Where_Clause" >
    <where >
      <foreach collection="oredCriteria" item="criteria" separator="or" >
        <if test="criteria.valid" >
          <trim prefix="(" suffix=")" prefixOverrides="and" >
            <foreach collection="criteria.criteria" item="criterion" >
              <choose >
                <when test="criterion.noValue" >
                  and ${criterion.condition}
                </when>
                <when test="criterion.singleValue" >
                  and ${criterion.condition} #{criterion.value}
                </when>
                <when test="criterion.betweenValue" >
                  and ${criterion.condition} #{criterion.value} and #{criterion.secondValue}
                </when>
                <when test="criterion.listValue" >
                  and ${criterion.condition}
                  <foreach collection="criterion.value" item="listItem" open="(" close=")" separator="," >
                    #{listItem}
                  </foreach>
                </when>
              </choose>
            </foreach>
          </trim>
        </if>
      </foreach>
    </where>
  </sql>
  <sql id="Update_By_Example_Where_Clause" >
    <where >
      <foreach collection="example.oredCriteria" item="criteria" separator="or" >
        <if test="criteria.valid" >
          <trim prefix="(" suffix=")" prefixOverrides="and" >
            <foreach collection="criteria.criteria" item="criterion" >
              <choose >
                <when test="criterion.noValue" >
                  and ${criterion.condition}
                </when>
                <when test="criterion.singleValue" >
                  and ${criterion.condition} #{criterion.value}
                </when>
                <when test="criterion.betweenValue" >
                  and ${criterion.condition} #{criterion.value} and #{criterion.secondValue}
                </when>
                <when test="criterion.listValue" >
                  and ${criterion.condition}
                  <foreach collection="criterion.value" item="listItem" open="(" close=")" separator="," >
                    #{listItem}
                  </foreach>
                </when>
              </choose>
            </foreach>
          </trim>
        </if>
      </foreach>
    </where>
  </sql>
  <sql id="Base_Column_List" >
    ID, user_id, enterprise_name, representative, code, identity, province, city, county, 
    industry_one, industry_two, industry_three, business_license, companytype, address, 
    postal_code, contacts, phone, registeredcapital, registerctime, corporatewebsite, 
    state, ctime, show_type
  </sql>
  <sql id="Blob_Column_List" >
    introduction
  </sql>
  <select id="selectByExampleWithBLOBs" resultMap="ResultMapWithBLOBs" parameterType="com.gmadong.modules.application.ApplicationExample" >
    select
    <if test="distinct" >
      distinct
    </if>
    <include refid="Base_Column_List" />
    ,
    <include refid="Blob_Column_List" />
    from application
    <if test="_parameter != null" >
      <include refid="Example_Where_Clause" />
    </if>
    <if test="orderByClause != null" >
      order by ${orderByClause}
    </if>
  </select>
  <select id="selectByExample" resultMap="BaseResultMap" parameterType="com.gmadong.modules.application.ApplicationExample" >
    select
    <if test="distinct" >
      distinct
    </if>
    <include refid="Base_Column_List" />
    from application
    <if test="_parameter != null" >
      <include refid="Example_Where_Clause" />
    </if>
    <if test="orderByClause != null" >
      order by ${orderByClause}
    </if>
  </select>
  <select id="selectByPrimaryKey" resultMap="ResultMapWithBLOBs" parameterType="java.lang.String" >
    select 
    <include refid="Base_Column_List" />
    ,
    <include refid="Blob_Column_List" />
    from application
    where ID = #{id,jdbcType=CHAR}
  </select>
  <delete id="deleteByPrimaryKey" parameterType="java.lang.String" >
    delete from application
    where ID = #{id,jdbcType=CHAR}
  </delete>
  <delete id="deleteByExample" parameterType="com.gmadong.modules.application.ApplicationExample" >
    delete from application
    <if test="_parameter != null" >
      <include refid="Example_Where_Clause" />
    </if>
  </delete>
  <insert id="insert" parameterType="com.gmadong.modules.application.Application" >
    insert into application (ID, user_id, enterprise_name, 
      representative, code, identity, 
      province, city, county, 
      industry_one, industry_two, industry_three, 
      business_license, companytype, address, 
      postal_code, contacts, phone, 
      registeredcapital, registerctime, corporatewebsite, 
      state, ctime, show_type, introduction
      )
    values (#{id,jdbcType=CHAR}, #{userId,jdbcType=CHAR}, #{enterpriseName,jdbcType=VARCHAR}, 
      #{representative,jdbcType=VARCHAR}, #{code,jdbcType=VARCHAR}, #{identity,jdbcType=VARCHAR}, 
      #{province,jdbcType=VARCHAR}, #{city,jdbcType=VARCHAR}, #{county,jdbcType=VARCHAR}, 
      #{industryOne,jdbcType=VARCHAR}, #{industryTwo,jdbcType=VARCHAR}, #{industryThree,jdbcType=VARCHAR}, 
      #{businessLicense,jdbcType=CHAR}, #{companytype,jdbcType=VARCHAR}, #{address,jdbcType=VARCHAR}, 
      #{postalCode,jdbcType=CHAR}, #{contacts,jdbcType=VARCHAR}, #{phone,jdbcType=CHAR}, 
      #{registeredcapital,jdbcType=VARCHAR}, #{registerctime,jdbcType=CHAR}, #{corporatewebsite,jdbcType=VARCHAR}, 
      #{state,jdbcType=CHAR}, #{ctime,jdbcType=CHAR}, #{showType,jdbcType=CHAR}, #{introduction,jdbcType=LONGVARCHAR}
      )
  </insert>
  <insert id="insertSelective" parameterType="com.gmadong.modules.application.Application" >
    insert into application
    <trim prefix="(" suffix=")" suffixOverrides="," >
      <if test="id != null" >
        ID,
      </if>
      <if test="userId != null" >
        user_id,
      </if>
      <if test="enterpriseName != null" >
        enterprise_name,
      </if>
      <if test="representative != null" >
        representative,
      </if>
      <if test="code != null" >
        code,
      </if>
      <if test="identity != null" >
        identity,
      </if>
      <if test="province != null" >
        province,
      </if>
      <if test="city != null" >
        city,
      </if>
      <if test="county != null" >
        county,
      </if>
      <if test="industryOne != null" >
        industry_one,
      </if>
      <if test="industryTwo != null" >
        industry_two,
      </if>
      <if test="industryThree != null" >
        industry_three,
      </if>
      <if test="businessLicense != null" >
        business_license,
      </if>
      <if test="companytype != null" >
        companytype,
      </if>
      <if test="address != null" >
        address,
      </if>
      <if test="postalCode != null" >
        postal_code,
      </if>
      <if test="contacts != null" >
        contacts,
      </if>
      <if test="phone != null" >
        phone,
      </if>
      <if test="registeredcapital != null" >
        registeredcapital,
      </if>
      <if test="registerctime != null" >
        registerctime,
      </if>
      <if test="corporatewebsite != null" >
        corporatewebsite,
      </if>
      <if test="state != null" >
        state,
      </if>
      <if test="ctime != null" >
        ctime,
      </if>
      <if test="showType != null" >
        show_type,
      </if>
      <if test="introduction != null" >
        introduction,
      </if>
    </trim>
    <trim prefix="values (" suffix=")" suffixOverrides="," >
      <if test="id != null" >
        #{id,jdbcType=CHAR},
      </if>
      <if test="userId != null" >
        #{userId,jdbcType=CHAR},
      </if>
      <if test="enterpriseName != null" >
        #{enterpriseName,jdbcType=VARCHAR},
      </if>
      <if test="representative != null" >
        #{representative,jdbcType=VARCHAR},
      </if>
      <if test="code != null" >
        #{code,jdbcType=VARCHAR},
      </if>
      <if test="identity != null" >
        #{identity,jdbcType=VARCHAR},
      </if>
      <if test="province != null" >
        #{province,jdbcType=VARCHAR},
      </if>
      <if test="city != null" >
        #{city,jdbcType=VARCHAR},
      </if>
      <if test="county != null" >
        #{county,jdbcType=VARCHAR},
      </if>
      <if test="industryOne != null" >
        #{industryOne,jdbcType=VARCHAR},
      </if>
      <if test="industryTwo != null" >
        #{industryTwo,jdbcType=VARCHAR},
      </if>
      <if test="industryThree != null" >
        #{industryThree,jdbcType=VARCHAR},
      </if>
      <if test="businessLicense != null" >
        #{businessLicense,jdbcType=CHAR},
      </if>
      <if test="companytype != null" >
        #{companytype,jdbcType=VARCHAR},
      </if>
      <if test="address != null" >
        #{address,jdbcType=VARCHAR},
      </if>
      <if test="postalCode != null" >
        #{postalCode,jdbcType=CHAR},
      </if>
      <if test="contacts != null" >
        #{contacts,jdbcType=VARCHAR},
      </if>
      <if test="phone != null" >
        #{phone,jdbcType=CHAR},
      </if>
      <if test="registeredcapital != null" >
        #{registeredcapital,jdbcType=VARCHAR},
      </if>
      <if test="registerctime != null" >
        #{registerctime,jdbcType=CHAR},
      </if>
      <if test="corporatewebsite != null" >
        #{corporatewebsite,jdbcType=VARCHAR},
      </if>
      <if test="state != null" >
        #{state,jdbcType=CHAR},
      </if>
      <if test="ctime != null" >
        #{ctime,jdbcType=CHAR},
      </if>
      <if test="showType != null" >
        #{showType,jdbcType=CHAR},
      </if>
      <if test="introduction != null" >
        #{introduction,jdbcType=LONGVARCHAR},
      </if>
    </trim>
  </insert>
  <select id="countByExample" parameterType="com.gmadong.modules.application.ApplicationExample" resultType="java.lang.Integer" >
    select count(*) from application
    <if test="_parameter != null" >
      <include refid="Example_Where_Clause" />
    </if>
  </select>
  <update id="updateByExampleSelective" parameterType="map" >
    update application
    <set >
      <if test="record.id != null" >
        ID = #{record.id,jdbcType=CHAR},
      </if>
      <if test="record.userId != null" >
        user_id = #{record.userId,jdbcType=CHAR},
      </if>
      <if test="record.enterpriseName != null" >
        enterprise_name = #{record.enterpriseName,jdbcType=VARCHAR},
      </if>
      <if test="record.representative != null" >
        representative = #{record.representative,jdbcType=VARCHAR},
      </if>
      <if test="record.code != null" >
        code = #{record.code,jdbcType=VARCHAR},
      </if>
      <if test="record.identity != null" >
        identity = #{record.identity,jdbcType=VARCHAR},
      </if>
      <if test="record.province != null" >
        province = #{record.province,jdbcType=VARCHAR},
      </if>
      <if test="record.city != null" >
        city = #{record.city,jdbcType=VARCHAR},
      </if>
      <if test="record.county != null" >
        county = #{record.county,jdbcType=VARCHAR},
      </if>
      <if test="record.industryOne != null" >
        industry_one = #{record.industryOne,jdbcType=VARCHAR},
      </if>
      <if test="record.industryTwo != null" >
        industry_two = #{record.industryTwo,jdbcType=VARCHAR},
      </if>
      <if test="record.industryThree != null" >
        industry_three = #{record.industryThree,jdbcType=VARCHAR},
      </if>
      <if test="record.businessLicense != null" >
        business_license = #{record.businessLicense,jdbcType=CHAR},
      </if>
      <if test="record.companytype != null" >
        companytype = #{record.companytype,jdbcType=VARCHAR},
      </if>
      <if test="record.address != null" >
        address = #{record.address,jdbcType=VARCHAR},
      </if>
      <if test="record.postalCode != null" >
        postal_code = #{record.postalCode,jdbcType=CHAR},
      </if>
      <if test="record.contacts != null" >
        contacts = #{record.contacts,jdbcType=VARCHAR},
      </if>
      <if test="record.phone != null" >
        phone = #{record.phone,jdbcType=CHAR},
      </if>
      <if test="record.registeredcapital != null" >
        registeredcapital = #{record.registeredcapital,jdbcType=VARCHAR},
      </if>
      <if test="record.registerctime != null" >
        registerctime = #{record.registerctime,jdbcType=CHAR},
      </if>
      <if test="record.corporatewebsite != null" >
        corporatewebsite = #{record.corporatewebsite,jdbcType=VARCHAR},
      </if>
      <if test="record.state != null" >
        state = #{record.state,jdbcType=CHAR},
      </if>
      <if test="record.ctime != null" >
        ctime = #{record.ctime,jdbcType=CHAR},
      </if>
      <if test="record.showType != null" >
        show_type = #{record.showType,jdbcType=CHAR},
      </if>
      <if test="record.introduction != null" >
        introduction = #{record.introduction,jdbcType=LONGVARCHAR},
      </if>
    </set>
    <if test="_parameter != null" >
      <include refid="Update_By_Example_Where_Clause" />
    </if>
  </update>
  <update id="updateByExampleWithBLOBs" parameterType="map" >
    update application
    set ID = #{record.id,jdbcType=CHAR},
      user_id = #{record.userId,jdbcType=CHAR},
      enterprise_name = #{record.enterpriseName,jdbcType=VARCHAR},
      representative = #{record.representative,jdbcType=VARCHAR},
      code = #{record.code,jdbcType=VARCHAR},
      identity = #{record.identity,jdbcType=VARCHAR},
      province = #{record.province,jdbcType=VARCHAR},
      city = #{record.city,jdbcType=VARCHAR},
      county = #{record.county,jdbcType=VARCHAR},
      industry_one = #{record.industryOne,jdbcType=VARCHAR},
      industry_two = #{record.industryTwo,jdbcType=VARCHAR},
      industry_three = #{record.industryThree,jdbcType=VARCHAR},
      business_license = #{record.businessLicense,jdbcType=CHAR},
      companytype = #{record.companytype,jdbcType=VARCHAR},
      address = #{record.address,jdbcType=VARCHAR},
      postal_code = #{record.postalCode,jdbcType=CHAR},
      contacts = #{record.contacts,jdbcType=VARCHAR},
      phone = #{record.phone,jdbcType=CHAR},
      registeredcapital = #{record.registeredcapital,jdbcType=VARCHAR},
      registerctime = #{record.registerctime,jdbcType=CHAR},
      corporatewebsite = #{record.corporatewebsite,jdbcType=VARCHAR},
      state = #{record.state,jdbcType=CHAR},
      ctime = #{record.ctime,jdbcType=CHAR},
      show_type = #{record.showType,jdbcType=CHAR},
      introduction = #{record.introduction,jdbcType=LONGVARCHAR}
    <if test="_parameter != null" >
      <include refid="Update_By_Example_Where_Clause" />
    </if>
  </update>
  <update id="updateByExample" parameterType="map" >
    update application
    set ID = #{record.id,jdbcType=CHAR},
      user_id = #{record.userId,jdbcType=CHAR},
      enterprise_name = #{record.enterpriseName,jdbcType=VARCHAR},
      representative = #{record.representative,jdbcType=VARCHAR},
      code = #{record.code,jdbcType=VARCHAR},
      identity = #{record.identity,jdbcType=VARCHAR},
      province = #{record.province,jdbcType=VARCHAR},
      city = #{record.city,jdbcType=VARCHAR},
      county = #{record.county,jdbcType=VARCHAR},
      industry_one = #{record.industryOne,jdbcType=VARCHAR},
      industry_two = #{record.industryTwo,jdbcType=VARCHAR},
      industry_three = #{record.industryThree,jdbcType=VARCHAR},
      business_license = #{record.businessLicense,jdbcType=CHAR},
      companytype = #{record.companytype,jdbcType=VARCHAR},
      address = #{record.address,jdbcType=VARCHAR},
      postal_code = #{record.postalCode,jdbcType=CHAR},
      contacts = #{record.contacts,jdbcType=VARCHAR},
      phone = #{record.phone,jdbcType=CHAR},
      registeredcapital = #{record.registeredcapital,jdbcType=VARCHAR},
      registerctime = #{record.registerctime,jdbcType=CHAR},
      corporatewebsite = #{record.corporatewebsite,jdbcType=VARCHAR},
      state = #{record.state,jdbcType=CHAR},
      ctime = #{record.ctime,jdbcType=CHAR},
      show_type = #{record.showType,jdbcType=CHAR}
    <if test="_parameter != null" >
      <include refid="Update_By_Example_Where_Clause" />
    </if>
  </update>
  <update id="updateByPrimaryKeySelective" parameterType="com.gmadong.modules.application.Application" >
    update application
    <set >
      <if test="userId != null" >
        user_id = #{userId,jdbcType=CHAR},
      </if>
      <if test="enterpriseName != null" >
        enterprise_name = #{enterpriseName,jdbcType=VARCHAR},
      </if>
      <if test="representative != null" >
        representative = #{representative,jdbcType=VARCHAR},
      </if>
      <if test="code != null" >
        code = #{code,jdbcType=VARCHAR},
      </if>
      <if test="identity != null" >
        identity = #{identity,jdbcType=VARCHAR},
      </if>
      <if test="province != null" >
        province = #{province,jdbcType=VARCHAR},
      </if>
      <if test="city != null" >
        city = #{city,jdbcType=VARCHAR},
      </if>
      <if test="county != null" >
        county = #{county,jdbcType=VARCHAR},
      </if>
      <if test="industryOne != null" >
        industry_one = #{industryOne,jdbcType=VARCHAR},
      </if>
      <if test="industryTwo != null" >
        industry_two = #{industryTwo,jdbcType=VARCHAR},
      </if>
      <if test="industryThree != null" >
        industry_three = #{industryThree,jdbcType=VARCHAR},
      </if>
      <if test="businessLicense != null" >
        business_license = #{businessLicense,jdbcType=CHAR},
      </if>
      <if test="companytype != null" >
        companytype = #{companytype,jdbcType=VARCHAR},
      </if>
      <if test="address != null" >
        address = #{address,jdbcType=VARCHAR},
      </if>
      <if test="postalCode != null" >
        postal_code = #{postalCode,jdbcType=CHAR},
      </if>
      <if test="contacts != null" >
        contacts = #{contacts,jdbcType=VARCHAR},
      </if>
      <if test="phone != null" >
        phone = #{phone,jdbcType=CHAR},
      </if>
      <if test="registeredcapital != null" >
        registeredcapital = #{registeredcapital,jdbcType=VARCHAR},
      </if>
      <if test="registerctime != null" >
        registerctime = #{registerctime,jdbcType=CHAR},
      </if>
      <if test="corporatewebsite != null" >
        corporatewebsite = #{corporatewebsite,jdbcType=VARCHAR},
      </if>
      <if test="state != null" >
        state = #{state,jdbcType=CHAR},
      </if>
      <if test="ctime != null" >
        ctime = #{ctime,jdbcType=CHAR},
      </if>
      <if test="showType != null" >
        show_type = #{showType,jdbcType=CHAR},
      </if>
      <if test="introduction != null" >
        introduction = #{introduction,jdbcType=LONGVARCHAR},
      </if>
    </set>
    where ID = #{id,jdbcType=CHAR}
  </update>
  <update id="updateByPrimaryKeyWithBLOBs" parameterType="com.gmadong.modules.application.Application" >
    update application
    set user_id = #{userId,jdbcType=CHAR},
      enterprise_name = #{enterpriseName,jdbcType=VARCHAR},
      representative = #{representative,jdbcType=VARCHAR},
      code = #{code,jdbcType=VARCHAR},
      identity = #{identity,jdbcType=VARCHAR},
      province = #{province,jdbcType=VARCHAR},
      city = #{city,jdbcType=VARCHAR},
      county = #{county,jdbcType=VARCHAR},
      industry_one = #{industryOne,jdbcType=VARCHAR},
      industry_two = #{industryTwo,jdbcType=VARCHAR},
      industry_three = #{industryThree,jdbcType=VARCHAR},
      business_license = #{businessLicense,jdbcType=CHAR},
      companytype = #{companytype,jdbcType=VARCHAR},
      address = #{address,jdbcType=VARCHAR},
      postal_code = #{postalCode,jdbcType=CHAR},
      contacts = #{contacts,jdbcType=VARCHAR},
      phone = #{phone,jdbcType=CHAR},
      registeredcapital = #{registeredcapital,jdbcType=VARCHAR},
      registerctime = #{registerctime,jdbcType=CHAR},
      corporatewebsite = #{corporatewebsite,jdbcType=VARCHAR},
      state = #{state,jdbcType=CHAR},
      ctime = #{ctime,jdbcType=CHAR},
      show_type = #{showType,jdbcType=CHAR},
      introduction = #{introduction,jdbcType=LONGVARCHAR}
    where ID = #{id,jdbcType=CHAR}
  </update>
  <update id="updateByPrimaryKey" parameterType="com.gmadong.modules.application.Application" >
    update application
    set user_id = #{userId,jdbcType=CHAR},
      enterprise_name = #{enterpriseName,jdbcType=VARCHAR},
      representative = #{representative,jdbcType=VARCHAR},
      code = #{code,jdbcType=VARCHAR},
      identity = #{identity,jdbcType=VARCHAR},
      province = #{province,jdbcType=VARCHAR},
      city = #{city,jdbcType=VARCHAR},
      county = #{county,jdbcType=VARCHAR},
      industry_one = #{industryOne,jdbcType=VARCHAR},
      industry_two = #{industryTwo,jdbcType=VARCHAR},
      industry_three = #{industryThree,jdbcType=VARCHAR},
      business_license = #{businessLicense,jdbcType=CHAR},
      companytype = #{companytype,jdbcType=VARCHAR},
      address = #{address,jdbcType=VARCHAR},
      postal_code = #{postalCode,jdbcType=CHAR},
      contacts = #{contacts,jdbcType=VARCHAR},
      phone = #{phone,jdbcType=CHAR},
      registeredcapital = #{registeredcapital,jdbcType=VARCHAR},
      registerctime = #{registerctime,jdbcType=CHAR},
      corporatewebsite = #{corporatewebsite,jdbcType=VARCHAR},
      state = #{state,jdbcType=CHAR},
      ctime = #{ctime,jdbcType=CHAR},
      show_type = #{showType,jdbcType=CHAR}
    where ID = #{id,jdbcType=CHAR}
  </update>
 
 
  <!--新增  -->
  <select id="selectByUserId" resultMap="ResultMapWithBLOBs" parameterType="java.lang.String">
  select
  <include refid="Base_Column_List"/>
  ,<include refid="Blob_Column_List"/>
  from application where user_id=#{userId,jdbcType=CHAR}
  </select>
  
    <select id="selectWechatApplication" resultMap="ExcellentApplicationMap" >
		SELECT
			t1.portrait,
			t2.ID,
			t2.enterprise_name,
			t2.address
		FROM
			`user` t1,
			application t2
		WHERE
			t1.id = t2.user_id
		AND t2.state = '1'
		ORDER BY
			t2.ctime  desc
		LIMIT 8
  </select>
  
  <select id="selectExcellentApplication" resultMap="ExcellentApplicationMap" >
	SELECT
		t1.id,t1.enterprise_name,t1.address,t1.industry_one, (
			SELECT
				portrait
			FROM
				`user`
			WHERE
				ID = t1.user_id
		) AS portrait,
		(
			SELECT
				GROUP_CONCAT(t2.product)
			FROM
				manage_condition as t2
			WHERE
				t2.user_id = t1.user_id limit 5
		) AS product
	FROM
		application t1
	where t1.state = '1' 
  </select>
  
    <select id="selectTopFamousCompany" resultMap="ExcellentApplicationMap" >
		SELECT
			t1.portrait,
			t2.ID,
			t2.enterprise_name
		FROM
			`user` t1,
			application t2
		WHERE
			t1.id = t2.user_id
		AND t2.state = '1'
		AND t2.show_type = '3'
		ORDER BY
			t2.ctime desc
		LIMIT 8
  </select>
  
  <select id="selectFamousCompany" resultMap="ExcellentApplicationMap" >
		SELECT
			t1.portrait,
			t2.ID,
			t2.enterprise_name
		FROM
			`user` t1,
			application t2
		WHERE
			t1.id = t2.user_id
		AND t2.state = '1'
		AND t2.show_type = '1'
		ORDER BY
			t2.ctime desc
		LIMIT 8
  </select>
  
  <select id="selectFamousCompanyWall" resultMap="ExcellentApplicationMap" >
		SELECT
			t1.portrait,
			t2.ID,
			t2.enterprise_name
		FROM
			`user` t1,
			application t2
		WHERE
			t1.id = t2.user_id
		AND t2.state = '1'
		AND t2.show_type = '2'
		ORDER BY
			t2.ctime desc
		LIMIT 8
  </select>
  <!-- 个人新增-优秀供应商关联查询映射 -->
   <resultMap id="ExcellentApplicationMap" type="com.gmadong.modules.application.ExcellentApplication" >
    <result column="ID" property="id" jdbcType="CHAR" />
    <result column="portrait" property="portrait" jdbcType="CHAR" />
    <result column="enterprise_name" property="enterpriseName" jdbcType="VARCHAR" />
    <result column="address" property="address" jdbcType="VARCHAR" />
    <result column="industry_one" property="industryOne" jdbcType="VARCHAR" />
    <result column="product" property="product" jdbcType="VARCHAR" />
  </resultMap>
</mapper>