<?xml version="1.0" encoding="UTF-8" ?>
<!DOCTYPE mapper PUBLIC "-//mybatis.org//DTD Mapper 3.0//EN" "http://mybatis.org/dtd/mybatis-3-mapper.dtd" >
<mapper namespace="com.gmadong.modules.attach.SysAttachMapper" >
  <resultMap id="BaseResultMap" type="com.gmadong.modules.attach.SysAttach" >
    <id column="attach_id" property="attachId" jdbcType="CHAR" />
    <result column="file_name" property="fileName" jdbcType="VARCHAR" />
    <result column="mine_type" property="mineType" jdbcType="VARCHAR" />
    <result column="file_size" property="fileSize" jdbcType="VARCHAR" />
    <result column="url" property="url" jdbcType="VARCHAR" />
    <result column="staff" property="staff" jdbcType="CHAR" />
    <result column="status" property="status" jdbcType="CHAR" />
    <result column="ctime" property="ctime" jdbcType="VARCHAR" />
  </resultMap>
  <sql id="Example_Where_Clause" >
    <where >
      <foreach collection="oredCriteria" item="criteria" separator="or" >
        <if test="criteria.valid" >
          <trim prefix="(" suffix=")" prefixOverrides="and" >
            <foreach collection="criteria.criteria" item="criterion" >
              <choose >
                <when test="criterion.noValue" >
                  and ${criterion.condition}
                </when>
                <when test="criterion.singleValue" >
                  and ${criterion.condition} #{criterion.value}
                </when>
                <when test="criterion.betweenValue" >
                  and ${criterion.condition} #{criterion.value} and #{criterion.secondValue}
                </when>
                <when test="criterion.listValue" >
                  and ${criterion.condition}
                  <foreach collection="criterion.value" item="listItem" open="(" close=")" separator="," >
                    #{listItem}
                  </foreach>
                </when>
              </choose>
            </foreach>
          </trim>
        </if>
      </foreach>
    </where>
  </sql>
  <sql id="Update_By_Example_Where_Clause" >
    <where >
      <foreach collection="example.oredCriteria" item="criteria" separator="or" >
        <if test="criteria.valid" >
          <trim prefix="(" suffix=")" prefixOverrides="and" >
            <foreach collection="criteria.criteria" item="criterion" >
              <choose >
                <when test="criterion.noValue" >
                  and ${criterion.condition}
                </when>
                <when test="criterion.singleValue" >
                  and ${criterion.condition} #{criterion.value}
                </when>
                <when test="criterion.betweenValue" >
                  and ${criterion.condition} #{criterion.value} and #{criterion.secondValue}
                </when>
                <when test="criterion.listValue" >
                  and ${criterion.condition}
                  <foreach collection="criterion.value" item="listItem" open="(" close=")" separator="," >
                    #{listItem}
                  </foreach>
                </when>
              </choose>
            </foreach>
          </trim>
        </if>
      </foreach>
    </where>
  </sql>
  <sql id="Base_Column_List" >
    attach_id, file_name, mine_type, file_size, url, staff, status, ctime
  </sql>
  <select id="selectByExample" resultMap="BaseResultMap" parameterType="com.gmadong.modules.attach.SysAttachExample" >
    select
    <if test="distinct" >
      distinct
    </if>
    <include refid="Base_Column_List" />
    from sys_attach
    <if test="_parameter != null" >
      <include refid="Example_Where_Clause" />
    </if>
    <if test="orderByClause != null" >
      order by ${orderByClause}
    </if>
  </select>
  <select id="selectByPrimaryKey" resultMap="BaseResultMap" parameterType="java.lang.String" >
    select 
    <include refid="Base_Column_List" />
    from sys_attach
    where attach_id = #{attachId,jdbcType=CHAR}
  </select>
  <delete id="deleteByPrimaryKey" parameterType="java.lang.String" >
    delete from sys_attach
    where attach_id = #{attachId,jdbcType=CHAR}
  </delete>
  <delete id="deleteByExample" parameterType="com.gmadong.modules.attach.SysAttachExample" >
    delete from sys_attach
    <if test="_parameter != null" >
      <include refid="Example_Where_Clause" />
    </if>
  </delete>
  <insert id="insert" parameterType="com.gmadong.modules.attach.SysAttach" >
    insert into sys_attach (attach_id, file_name, mine_type, 
      file_size, url, staff, 
      status, ctime)
    values (#{attachId,jdbcType=CHAR}, #{fileName,jdbcType=VARCHAR}, #{mineType,jdbcType=VARCHAR}, 
      #{fileSize,jdbcType=VARCHAR}, #{url,jdbcType=VARCHAR}, #{staff,jdbcType=CHAR}, 
      #{status,jdbcType=CHAR}, #{ctime,jdbcType=VARCHAR})
  </insert>
  <insert id="insertSelective" parameterType="com.gmadong.modules.attach.SysAttach" >
    insert into sys_attach
    <trim prefix="(" suffix=")" suffixOverrides="," >
      <if test="attachId != null" >
        attach_id,
      </if>
      <if test="fileName != null" >
        file_name,
      </if>
      <if test="mineType != null" >
        mine_type,
      </if>
      <if test="fileSize != null" >
        file_size,
      </if>
      <if test="url != null" >
        url,
      </if>
      <if test="staff != null" >
        staff,
      </if>
      <if test="status != null" >
        status,
      </if>
      <if test="ctime != null" >
        ctime,
      </if>
    </trim>
    <trim prefix="values (" suffix=")" suffixOverrides="," >
      <if test="attachId != null" >
        #{attachId,jdbcType=CHAR},
      </if>
      <if test="fileName != null" >
        #{fileName,jdbcType=VARCHAR},
      </if>
      <if test="mineType != null" >
        #{mineType,jdbcType=VARCHAR},
      </if>
      <if test="fileSize != null" >
        #{fileSize,jdbcType=VARCHAR},
      </if>
      <if test="url != null" >
        #{url,jdbcType=VARCHAR},
      </if>
      <if test="staff != null" >
        #{staff,jdbcType=CHAR},
      </if>
      <if test="status != null" >
        #{status,jdbcType=CHAR},
      </if>
      <if test="ctime != null" >
        #{ctime,jdbcType=VARCHAR},
      </if>
    </trim>
  </insert>
  <select id="countByExample" parameterType="com.gmadong.modules.attach.SysAttachExample" resultType="java.lang.Integer" >
    select count(*) from sys_attach
    <if test="_parameter != null" >
      <include refid="Example_Where_Clause" />
    </if>
  </select>
  <update id="updateByExampleSelective" parameterType="map" >
    update sys_attach
    <set >
      <if test="record.attachId != null" >
        attach_id = #{record.attachId,jdbcType=CHAR},
      </if>
      <if test="record.fileName != null" >
        file_name = #{record.fileName,jdbcType=VARCHAR},
      </if>
      <if test="record.mineType != null" >
        mine_type = #{record.mineType,jdbcType=VARCHAR},
      </if>
      <if test="record.fileSize != null" >
        file_size = #{record.fileSize,jdbcType=VARCHAR},
      </if>
      <if test="record.url != null" >
        url = #{record.url,jdbcType=VARCHAR},
      </if>
      <if test="record.staff != null" >
        staff = #{record.staff,jdbcType=CHAR},
      </if>
      <if test="record.status != null" >
        status = #{record.status,jdbcType=CHAR},
      </if>
      <if test="record.ctime != null" >
        ctime = #{record.ctime,jdbcType=VARCHAR},
      </if>
    </set>
    <if test="_parameter != null" >
      <include refid="Update_By_Example_Where_Clause" />
    </if>
  </update>
  <update id="updateByExample" parameterType="map" >
    update sys_attach
    set attach_id = #{record.attachId,jdbcType=CHAR},
      file_name = #{record.fileName,jdbcType=VARCHAR},
      mine_type = #{record.mineType,jdbcType=VARCHAR},
      file_size = #{record.fileSize,jdbcType=VARCHAR},
      url = #{record.url,jdbcType=VARCHAR},
      staff = #{record.staff,jdbcType=CHAR},
      status = #{record.status,jdbcType=CHAR},
      ctime = #{record.ctime,jdbcType=VARCHAR}
    <if test="_parameter != null" >
      <include refid="Update_By_Example_Where_Clause" />
    </if>
  </update>
  <update id="updateByPrimaryKeySelective" parameterType="com.gmadong.modules.attach.SysAttach" >
    update sys_attach
    <set >
      <if test="fileName != null" >
        file_name = #{fileName,jdbcType=VARCHAR},
      </if>
      <if test="mineType != null" >
        mine_type = #{mineType,jdbcType=VARCHAR},
      </if>
      <if test="fileSize != null" >
        file_size = #{fileSize,jdbcType=VARCHAR},
      </if>
      <if test="url != null" >
        url = #{url,jdbcType=VARCHAR},
      </if>
      <if test="staff != null" >
        staff = #{staff,jdbcType=CHAR},
      </if>
      <if test="status != null" >
        status = #{status,jdbcType=CHAR},
      </if>
      <if test="ctime != null" >
        ctime = #{ctime,jdbcType=VARCHAR},
      </if>
    </set>
    where attach_id = #{attachId,jdbcType=CHAR}
  </update>
  <update id="updateByPrimaryKey" parameterType="com.gmadong.modules.attach.SysAttach" >
    update sys_attach
    set file_name = #{fileName,jdbcType=VARCHAR},
      mine_type = #{mineType,jdbcType=VARCHAR},
      file_size = #{fileSize,jdbcType=VARCHAR},
      url = #{url,jdbcType=VARCHAR},
      staff = #{staff,jdbcType=CHAR},
      status = #{status,jdbcType=CHAR},
      ctime = #{ctime,jdbcType=VARCHAR}
    where attach_id = #{attachId,jdbcType=CHAR}
  </update>
</mapper>