<?xml version="1.0" encoding="UTF-8" ?>
<!DOCTYPE mapper PUBLIC "-//mybatis.org//DTD Mapper 3.0//EN" "http://mybatis.org/dtd/mybatis-3-mapper.dtd" >
<mapper namespace="com.gmadong.modules.staff.SysStaffMapper" >
  <resultMap id="BaseResultMap" type="com.gmadong.modules.staff.SysStaff" >
    <id column="ID" property="id" jdbcType="CHAR" />
    <result column="organize_ID" property="organizeId" jdbcType="VARCHAR" />
    <result column="role_ID" property="roleId" jdbcType="VARCHAR" />
    <result column="loginName" property="loginname" jdbcType="VARCHAR" />
    <result column="job_number" property="jobNumber" jdbcType="VARCHAR" />
    <result column="phone" property="phone" jdbcType="VARCHAR" />
    <result column="nickname" property="nickname" jdbcType="VARCHAR" />
    <result column="pwd" property="pwd" jdbcType="CHAR" />
    <result column="ltime" property="ltime" jdbcType="CHAR" />
    <result column="ctime" property="ctime" jdbcType="VARCHAR" />
    <result column="status" property="status" jdbcType="INTEGER" />
  </resultMap>
  <sql id="Example_Where_Clause" >
    <where >
      <foreach collection="oredCriteria" item="criteria" separator="or" >
        <if test="criteria.valid" >
          <trim prefix="(" suffix=")" prefixOverrides="and" >
            <foreach collection="criteria.criteria" item="criterion" >
              <choose >
                <when test="criterion.noValue" >
                  and ${criterion.condition}
                </when>
                <when test="criterion.singleValue" >
                  and ${criterion.condition} #{criterion.value}
                </when>
                <when test="criterion.betweenValue" >
                  and ${criterion.condition} #{criterion.value} and #{criterion.secondValue}
                </when>
                <when test="criterion.listValue" >
                  and ${criterion.condition}
                  <foreach collection="criterion.value" item="listItem" open="(" close=")" separator="," >
                    #{listItem}
                  </foreach>
                </when>
              </choose>
            </foreach>
          </trim>
        </if>
      </foreach>
    </where>
  </sql>
  <sql id="Update_By_Example_Where_Clause" >
    <where >
      <foreach collection="example.oredCriteria" item="criteria" separator="or" >
        <if test="criteria.valid" >
          <trim prefix="(" suffix=")" prefixOverrides="and" >
            <foreach collection="criteria.criteria" item="criterion" >
              <choose >
                <when test="criterion.noValue" >
                  and ${criterion.condition}
                </when>
                <when test="criterion.singleValue" >
                  and ${criterion.condition} #{criterion.value}
                </when>
                <when test="criterion.betweenValue" >
                  and ${criterion.condition} #{criterion.value} and #{criterion.secondValue}
                </when>
                <when test="criterion.listValue" >
                  and ${criterion.condition}
                  <foreach collection="criterion.value" item="listItem" open="(" close=")" separator="," >
                    #{listItem}
                  </foreach>
                </when>
              </choose>
            </foreach>
          </trim>
        </if>
      </foreach>
    </where>
  </sql>
  <sql id="Base_Column_List" >
    ID, organize_ID, role_ID, loginName, job_number, phone, nickname, pwd, ltime, ctime, 
    status
  </sql>
  <select id="selectByExample" resultMap="BaseResultMap" parameterType="com.gmadong.modules.staff.SysStaffExample" >
    select
    <if test="distinct" >
      distinct
    </if>
    <include refid="Base_Column_List" />
    from sys_staff
    <if test="_parameter != null" >
      <include refid="Example_Where_Clause" />
    </if>
    <if test="orderByClause != null" >
      order by ${orderByClause}
    </if>
  </select>
  <select id="selectByPrimaryKey" resultMap="BaseResultMap" parameterType="java.lang.String" >
    select 
    <include refid="Base_Column_List" />
    from sys_staff
    where ID = #{id,jdbcType=CHAR}
  </select>
  <delete id="deleteByPrimaryKey" parameterType="java.lang.String" >
    delete from sys_staff
    where ID = #{id,jdbcType=CHAR}
  </delete>
  <delete id="deleteByExample" parameterType="com.gmadong.modules.staff.SysStaffExample" >
    delete from sys_staff
    <if test="_parameter != null" >
      <include refid="Example_Where_Clause" />
    </if>
  </delete>
  <insert id="insert" parameterType="com.gmadong.modules.staff.SysStaff" >
    insert into sys_staff (ID, organize_ID, role_ID, 
      loginName, job_number, phone, 
      nickname, pwd, ltime, ctime, 
      status)
    values (#{id,jdbcType=CHAR}, #{organizeId,jdbcType=VARCHAR}, #{roleId,jdbcType=VARCHAR}, 
      #{loginname,jdbcType=VARCHAR}, #{jobNumber,jdbcType=VARCHAR}, #{phone,jdbcType=VARCHAR}, 
      #{nickname,jdbcType=VARCHAR}, #{pwd,jdbcType=CHAR}, #{ltime,jdbcType=CHAR}, #{ctime,jdbcType=VARCHAR}, 
      #{status,jdbcType=INTEGER})
  </insert>
  <insert id="insertSelective" parameterType="com.gmadong.modules.staff.SysStaff" >
    insert into sys_staff
    <trim prefix="(" suffix=")" suffixOverrides="," >
      <if test="id != null" >
        ID,
      </if>
      <if test="organizeId != null" >
        organize_ID,
      </if>
      <if test="roleId != null" >
        role_ID,
      </if>
      <if test="loginname != null" >
        loginName,
      </if>
      <if test="jobNumber != null" >
        job_number,
      </if>
      <if test="phone != null" >
        phone,
      </if>
      <if test="nickname != null" >
        nickname,
      </if>
      <if test="pwd != null" >
        pwd,
      </if>
      <if test="ltime != null" >
        ltime,
      </if>
      <if test="ctime != null" >
        ctime,
      </if>
      <if test="status != null" >
        status,
      </if>
    </trim>
    <trim prefix="values (" suffix=")" suffixOverrides="," >
      <if test="id != null" >
        #{id,jdbcType=CHAR},
      </if>
      <if test="organizeId != null" >
        #{organizeId,jdbcType=VARCHAR},
      </if>
      <if test="roleId != null" >
        #{roleId,jdbcType=VARCHAR},
      </if>
      <if test="loginname != null" >
        #{loginname,jdbcType=VARCHAR},
      </if>
      <if test="jobNumber != null" >
        #{jobNumber,jdbcType=VARCHAR},
      </if>
      <if test="phone != null" >
        #{phone,jdbcType=VARCHAR},
      </if>
      <if test="nickname != null" >
        #{nickname,jdbcType=VARCHAR},
      </if>
      <if test="pwd != null" >
        #{pwd,jdbcType=CHAR},
      </if>
      <if test="ltime != null" >
        #{ltime,jdbcType=CHAR},
      </if>
      <if test="ctime != null" >
        #{ctime,jdbcType=VARCHAR},
      </if>
      <if test="status != null" >
        #{status,jdbcType=INTEGER},
      </if>
    </trim>
  </insert>
  <select id="countByExample" parameterType="com.gmadong.modules.staff.SysStaffExample" resultType="java.lang.Integer" >
    select count(*) from sys_staff
    <if test="_parameter != null" >
      <include refid="Example_Where_Clause" />
    </if>
  </select>
  <update id="updateByExampleSelective" parameterType="map" >
    update sys_staff
    <set >
      <if test="record.id != null" >
        ID = #{record.id,jdbcType=CHAR},
      </if>
      <if test="record.organizeId != null" >
        organize_ID = #{record.organizeId,jdbcType=VARCHAR},
      </if>
      <if test="record.roleId != null" >
        role_ID = #{record.roleId,jdbcType=VARCHAR},
      </if>
      <if test="record.loginname != null" >
        loginName = #{record.loginname,jdbcType=VARCHAR},
      </if>
      <if test="record.jobNumber != null" >
        job_number = #{record.jobNumber,jdbcType=VARCHAR},
      </if>
      <if test="record.phone != null" >
        phone = #{record.phone,jdbcType=VARCHAR},
      </if>
      <if test="record.nickname != null" >
        nickname = #{record.nickname,jdbcType=VARCHAR},
      </if>
      <if test="record.pwd != null" >
        pwd = #{record.pwd,jdbcType=CHAR},
      </if>
      <if test="record.ltime != null" >
        ltime = #{record.ltime,jdbcType=CHAR},
      </if>
      <if test="record.ctime != null" >
        ctime = #{record.ctime,jdbcType=VARCHAR},
      </if>
      <if test="record.status != null" >
        status = #{record.status,jdbcType=INTEGER},
      </if>
    </set>
    <if test="_parameter != null" >
      <include refid="Update_By_Example_Where_Clause" />
    </if>
  </update>
  <update id="updateByExample" parameterType="map" >
    update sys_staff
    set ID = #{record.id,jdbcType=CHAR},
      organize_ID = #{record.organizeId,jdbcType=VARCHAR},
      role_ID = #{record.roleId,jdbcType=VARCHAR},
      loginName = #{record.loginname,jdbcType=VARCHAR},
      job_number = #{record.jobNumber,jdbcType=VARCHAR},
      phone = #{record.phone,jdbcType=VARCHAR},
      nickname = #{record.nickname,jdbcType=VARCHAR},
      pwd = #{record.pwd,jdbcType=CHAR},
      ltime = #{record.ltime,jdbcType=CHAR},
      ctime = #{record.ctime,jdbcType=VARCHAR},
      status = #{record.status,jdbcType=INTEGER}
    <if test="_parameter != null" >
      <include refid="Update_By_Example_Where_Clause" />
    </if>
  </update>
  <update id="updateByPrimaryKeySelective" parameterType="com.gmadong.modules.staff.SysStaff" >
    update sys_staff
    <set >
      <if test="organizeId != null" >
        organize_ID = #{organizeId,jdbcType=VARCHAR},
      </if>
      <if test="roleId != null" >
        role_ID = #{roleId,jdbcType=VARCHAR},
      </if>
      <if test="loginname != null" >
        loginName = #{loginname,jdbcType=VARCHAR},
      </if>
      <if test="jobNumber != null" >
        job_number = #{jobNumber,jdbcType=VARCHAR},
      </if>
      <if test="phone != null" >
        phone = #{phone,jdbcType=VARCHAR},
      </if>
      <if test="nickname != null" >
        nickname = #{nickname,jdbcType=VARCHAR},
      </if>
      <if test="pwd != null" >
        pwd = #{pwd,jdbcType=CHAR},
      </if>
      <if test="ltime != null" >
        ltime = #{ltime,jdbcType=CHAR},
      </if>
      <if test="ctime != null" >
        ctime = #{ctime,jdbcType=VARCHAR},
      </if>
      <if test="status != null" >
        status = #{status,jdbcType=INTEGER},
      </if>
    </set>
    where ID = #{id,jdbcType=CHAR}
  </update>
  <update id="updateByPrimaryKey" parameterType="com.gmadong.modules.staff.SysStaff" >
    update sys_staff
    set organize_ID = #{organizeId,jdbcType=VARCHAR},
      role_ID = #{roleId,jdbcType=VARCHAR},
      loginName = #{loginname,jdbcType=VARCHAR},
      job_number = #{jobNumber,jdbcType=VARCHAR},
      phone = #{phone,jdbcType=VARCHAR},
      nickname = #{nickname,jdbcType=VARCHAR},
      pwd = #{pwd,jdbcType=CHAR},
      ltime = #{ltime,jdbcType=CHAR},
      ctime = #{ctime,jdbcType=VARCHAR},
      status = #{status,jdbcType=INTEGER}
    where ID = #{id,jdbcType=CHAR}
  </update>
  
  <update id="copyUseReport" parameterType="java.lang.String">
	CREATE  TABLE IF NOT EXISTS use_report_${day} (LIKE use_report); 
  </update>
  <update id="copyMsg" parameterType="java.lang.String">
	CREATE  TABLE IF NOT EXISTS wx_msg_${day}(LIKE wx_msg); 
  </update>
  <update id="copyDayReport" parameterType="java.lang.String">
	CREATE  TABLE IF NOT EXISTS day_report_${year} (LIKE day_report); 
  </update>
  <!-- 自己加的方法 -->
  <select id="getNicknameByPrimaryKey"   resultType="java.lang.String" parameterType="java.lang.String" >
    select 
   	nickname
    from user
    where ID = #{id,jdbcType=CHAR}
  </select>
</mapper>